"";"Estado";"emp";"sit";"setor";"esp";"dep";"PL";"lucros";"gov_ca";"gov_cf";"gov_aud";"maior_rem";"plr_rva";"qde_empregados";"desp_investimento";"desp_pessoal";"Dividendos";"Subvenção";"Subvenção (anterior)";"Reforço de Capital";"Reforço de Capital (anterior)";"link";"Nome_estado";"REGIAO";"gov";"result_NA";"Resultado para o Estado Acionista"
"1";"AC";"Companhia de Saneamento do Acre - SANACRE";"ATIVA";"SANEAMENTO";"SOCIEDADE DE ECONOMIA MISTA";"Dependente";-9508807,54;3068409,27;"SIM";"SIM";"NÃO";"236071.92999999999";"Não";173;0;21768434,44;0;3256443,56;3195783,52;0;0;NA;"Acre";"Norte";FALSE;FALSE;-3256443,56
"2";"AC";"Companhia de Desenvolvimento Industrial do Acre - CODISACRE";"ATIVA";"OUTROS";"EMPRESA PÚBLICA";"Dependente";-2888488;722035,11;"SIM";"SIM";"NÃO";"188466.45999999999";"Não";39;6406;2846995,45;0;3658362,34;3166108,09;0;0;NA;"Acre";"Norte";FALSE;FALSE;-3658362,34
"3";"AC";"Companhia de Colonização do Acre - COLONACRE";"EM LIQUIDAÇÃO";"OUTROS";"EMPRESA PÚBLICA";"Dependente";48864,07;11879,48;"SIM";"SIM";"NÃO";"92300";"Não";13;0;833899,38;0;15518;6899;0;0;NA;"Acre";"Norte";FALSE;FALSE;-15518
"4";"AC";"Companhia de Armazéns e Entrepostos do Acre - CAGEACRE";"ATIVA";"OUTROS";"EMPRESA PÚBLICA";"Dependente";-593136,33;1165931,09;"SIM";"SIM";"NÃO";"321149.40000000002";"Não";141;0;8327471,73;0;9575806,83;7477793,74;0;0;NA;"Acre";"Norte";FALSE;FALSE;-9575806,83
"5";"AC";"Empresa de Assistência Técnica e Extensão Rural do Acre - EMATER";"ATIVA";"OUTROS";"EMPRESA PÚBLICA";"Dependente";-5085779;2032832,74;"SIM";"SIM";"NÃO";"200214";"Não";183;1859;16276568,1;0;18524821,75;20167768,42;0;0;NA;"Acre";"Norte";FALSE;FALSE;-18524821,75
"6";"AC";"Companhia Industrial de Laticínios do Acre - CILA";"ATIVA";"OUTROS";"SOCIEDADE DE ECONOMIA MISTA";"Dependente";-660473,59;174455,59;"SIM";"SIM";"NÃO";"212472";"Não";16;0;1421112,22;0;1593809,51;1030473,72;0;0;NA;"Acre";"Norte";FALSE;FALSE;-1593809,51
"7";"AC";"Banco do Estado do Acre S/A - BANACRE";"EM LIQUIDAÇÃO";"FINANCEIRO";"SOCIEDADE DE ECONOMIA MISTA";"Dependente";34823,74;12363,53;"SIM";"SIM";"NÃO";"92245.460000000006";"Não";15;0;1448145,03;0;1537569,26;1440210,71;0;0;NA;"Acre";"Norte";FALSE;FALSE;-1537569,26
"8";"AC";"Companhia de Habitação do Acre - COHAB/ACRE";"ATIVA";"HABITAÇÃO E URBANIZAÇÃO";"SOCIEDADE DE ECONOMIA MISTA";"Dependente";-10978314,33;-1717658,07;"SIM";"SIM";"NÃO";"237939.91";"Não";49;0;5250856,81;0;6906705,92;6000331,94;0;0;NA;"Acre";"Norte";FALSE;FALSE;-6906705,92
"9";"AC";"Empresa de Processamento de Dados do Acre S/A - ACREDATA";"ATIVA";"INFORMÁTICA E TECNOLOGIA DA INFORMAÇÃO";"EMPRESA PÚBLICA";"Dependente";-6346331,7;1618631,7;"SIM";"SIM";"NÃO";"187958.54999999999";"Não";84;0;6953703,35;0;8733895,75;7872421,47;0;0;NA;"Acre";"Norte";FALSE;FALSE;-8733895,75
"10";"AC";"Agencia de Negócios do Estado do Acre - ANAC";"ATIVA";"OUTROS";"SOCIEDADE DE ECONOMIA MISTA";"Dependente";17760339,98;-512943,5;"SIM";"SIM";"NÃO";"212472";"Não";14;0;1677045,07;0;0;0;0;0;NA;"Acre";"Norte";FALSE;FALSE;0
"11";"AC";"Administradora da Zona de Processamento de Exportação do Acre AZPE/AC";"ATIVA";"OUTROS";"SOCIEDADE DE ECONOMIA MISTA";"Dependente";0;0;"SIM";"SIM";"NÃO";"0";"Não";0;0;0;0;0;0;0;0;NA;"Acre";"Norte";FALSE;FALSE;0
"12";"AC";"Companhia Agencia de Desenvolvimento e Serviços Ambientais do Estado do Acre - CDSA";"ATIVA";"GESTÃO DE ATIVOS";"SOCIEDADE DE ECONOMIA MISTA";"Dependente";87939,33;21154,59;"SIM";"SIM";"NÃO";"0";"Não";0;0;0;0;13000,02;0;0;0;NA;"Acre";"Norte";FALSE;FALSE;-13000,02
"13";"AL";"COMPANHIA DE EDIÇÃO. IMPRESSÃO E PUBLICAÇÃO DE ALAGOAS - CEPAL";"ATIVA";"COMUNICAÇÃO";"SOCIEDADE DE ECONOMIA MISTA";"Não Dependente";564820,59;-3584087,64;"SIM";"SIM";"NÃO";"130819.38";"Não";82;0;5211749,33;0;0;0;0;0;NA;"Alagoas";"Nordeste";FALSE;FALSE;0
"14";"AL";"AGÊNCIA DE FOMENTO DE ALAGOAS S/A";"ATIVA";"FINANCEIRO";"SOCIEDADE DE ECONOMIA MISTA";"Dependente";27248031,74;-8292615,15;"SIM";"SIM";"NÃO";"28048.939999999999";"Não";36;0;3471676,85;0;936497,2;1607040,58;0;5534000;NA;"Alagoas";"Nordeste";FALSE;FALSE;-936497,2
"15";"AL";"BANCO DO ESTADO DE ALAGOAS - PRODUBAN";"EM LIQUIDAÇÃO";"FINANCEIRO";"SOCIEDADE DE ECONOMIA MISTA";"Não Dependente";-2340000;-4637000;"NÃO";"SIM";"NÃO";"0";"Não";6;0;539000;0;0;0;0;0;NA;"Alagoas";"Nordeste";FALSE;FALSE;0
"16";"AL";"COMPANHIA ALAGOANA DE RECURSOS HUMANOS E PATRIMONIAIS";"EM LIQUIDAÇÃO";"HABITAÇÃO E URBANIZAÇÃO";"SOCIEDADE DE ECONOMIA MISTA";"Dependente";10309112,05;-16445,16;"SIM";"SIM";"NÃO";"2281044";"Não";34;0;4441311,71;0;0;0;0;0;NA;"Alagoas";"Nordeste";FALSE;FALSE;0
"17";"AL";"COMPANHIA DE SANEAMENTO DE ALAGOAS - CASAL";"ATIVA";"SANEAMENTO";"SOCIEDADE DE ECONOMIA MISTA";"Não Dependente";-208988796,01;243460947,51;"SIM";"SIM";"SIM";"363189.71000000002";"Não";942;20933356,76;120356903,28;0;0;0;0;0;NA;"Alagoas";"Nordeste";TRUE;FALSE;0
"18";"AL";"SERVIÇO DE ENGENHARIA DE ALAGOAS SA";"EM LIQUIDAÇÃO";"OUTROS";"SOCIEDADE DE ECONOMIA MISTA";"Dependente";-1715861,49;139868,63;"NÃO";"SIM";"NÃO";"1495474.27";"Não";15;0;1576711,2;0;0;0;0;0;NA;"Alagoas";"Nordeste";FALSE;FALSE;0
"19";"AL";"LABORATORIO INDUSTRIAL FARMACEUTICO DE ALAGOAS S/A - LIFAL";"EM LIQUIDAÇÃO";"SAÚDE";"SOCIEDADE DE ECONOMIA MISTA";"Dependente";0;0;"NÃO";"SIM";"NÃO";"244013.47";"Não";7;0;355681,19;0;0;0;0;0;NA;"Alagoas";"Nordeste";FALSE;FALSE;0
"20";"AL";"ALAGOAS ATIVOS";"ATIVA";"GESTÃO DE ATIVOS";"EMPRESA PÚBLICA";"Não Dependente";2040425,16;-79884,33;"SIM";"SIM";"NÃO";"297540";"Não";11;0;1262394,24;0;0;0;0;0;"https://www.alagoasativos.com.br/governanca/politicas/ ";"Alagoas";"Nordeste";FALSE;FALSE;0
"21";"AL";"GÁS DE ALAGOAS S/A - ALGÁS";"ATIVA";"GÁS E DERIVADOS";"SOCIEDADE DE ECONOMIA MISTA";"Não Dependente";88870885,65;16212290,34;"SIM";"SIM";"SIM";"237361.64999999999";"Sim";95;12176857,37;16373770,93;2052424,61;0;0;0;0;"http://governanca.algas.com.br/carta-anual-de-politicas-publicas-e-governanca-corporativa";"Alagoas";"Nordeste";TRUE;FALSE;2052424,61
"22";"AM";"Companhia de Desenvolvimento do estado do Amazonas - CIAMA";"ATIVA";"DESENVOLVIMENTO REGIONAL";"SOCIEDADE DE ECONOMIA MISTA";"Não Dependente";53587735,69;-826049,23;"SIM";"SIM";"NÃO";"426193.32000000001";"Não";234;0;17581550,08;0;23505109,97;15170519,94;1370000;2314326,62;"http://www.ciama.am.gov.br/wp-content/uploads/2021/04/Carta-Anual-de-Governanca-Corporativa_Ciama_Exercicio2020_REV.pdf ";"Amazonas";"Norte";FALSE;FALSE;-24875109,97
"23";"AM";"Companhia de Gás do Amazonas - Cigás";"ATIVA";"GÁS E DERIVADOS";"SOCIEDADE DE ECONOMIA MISTA";"Não Dependente";141860080,44;68072155,74;"SIM";"SIM";"NÃO";"384000";"Sim";153;26356678,23;23522468;9589890,77;0;0;0;0;"https://ca0b7bfe-9705-4a2d-9d03-84e9975055e8.filesusr.com/ugd/9da855_e076f480617f456c8d7290542784de8a.pdf ";"Amazonas";"Norte";FALSE;FALSE;9589890,77
"24";"AM";"Agência de Fomento do Estado do Amazonas SA Afeam";"ATIVA";"FINANCEIRO";"EMPRESA PÚBLICA";"Não Dependente";98174393,81;11064274,97;"SIM";"SIM";"SIM";"391683.60999999999";"Não";149;115131939,66;36335399,7;0;0;0;0;0;"http://www.afeam.am.gov.br/wp-content/uploads/2020/10/Carta-Anual-de-Politicas-Publicas.pdf ";"Amazonas";"Norte";TRUE;FALSE;0
"25";"AM";"Companhia de Saneamento do Amazonas - COSAMA";"ATIVA";"SANEAMENTO";"SOCIEDADE DE ECONOMIA MISTA";"Dependente";-4704068,71;-6295935,35;"SIM";"SIM";"NÃO";"472256.23999999999";"Não";364;539824,35;29968416,34;0;32372425,83;23323521,74;3370974,03;2104242,86;NA;"Amazonas";"Norte";FALSE;FALSE;-35743399,86
"26";"AM";"Prodam Processamento de Dados Amazonas SA";"ATIVA";"INFORMÁTICA E TECNOLOGIA DA INFORMAÇÃO";"SOCIEDADE DE ECONOMIA MISTA";"Não Dependente";39486594;-2484876;"SIM";"SIM";"SIM";"543394.87";"Não";381;2860866,32;51009006,15;0;0;0;0;0;"https://portal.prodam.sp.gov.br/wp-content/uploads/2021/02/Carta-Anual-de-Politicas-Publicas-e-de-Governanca-Corporativa-2020-Final.pdf ";"Amazonas";"Norte";TRUE;FALSE;0
"27";"AM";"Empresa Estadual de Turismo - Amazonastur";"ATIVA";"TURISMO";"EMPRESA PÚBLICA";"Dependente";5727536,36;-329676,01;"SIM";"SIM";"NÃO";"367564.63";"Não";136;3254079,17;10468149,79;0;19016777,17;22509082,74;0;0;NA;"Amazonas";"Norte";FALSE;FALSE;-19016777,17
"28";"AM";"Agência de Desenvolvimento Sustentável do Amazonas - ADS";"ATIVA";"DESENVOLVIMENTO REGIONAL";"EMPRESA PÚBLICA";"Dependente";6022736,18;9537176,59;"SIM";"SIM";"NÃO";"147127.63";"Não";60;5908186,75;4476128,4;0;63305688,07;88606777,81;0;0;NA;"Amazonas";"Norte";FALSE;FALSE;-63305688,07
"29";"BA";"Companhia de Transporte do Estado da Bahia - CTB";"ATIVA";"TRANSPORTE";"EMPRESA PÚBLICA";"Dependente";77477614,13;5917586,34;"SIM";"SIM";"NÃO";"240669.95000000001";"Não";144;0;22738193,66;0;30924004,68;30749061,88;0;0;"http://www.ctb.ba.gov.br/modules/conteudo/conteudo.php?conteudo=80";"Bahia";"Nordeste";FALSE;FALSE;-30924004,68
"30";"BA";"Bahia Pesca S/A";"ATIVA";"OUTROS";"SOCIEDADE DE ECONOMIA MISTA";"Dependente";-7063228,81;-322075,07;"SIM";"SIM";"NÃO";"205738";"Não";110;7531,66;11053714,19;0;3264301;3572702;2804530;12622;"http://www.bahiapesca.ba.gov.br/arquivos/File/CARTAANUALBAHIAPESCA.pdf";"Bahia";"Nordeste";FALSE;FALSE;-6068831
"31";"BA";"Companhia de Desenvolvimento e Ação Regional - CAR";"ATIVA";"DESENVOLVIMENTO REGIONAL";"EMPRESA PÚBLICA";"Dependente";-37731193,65;-372038,82;"SIM";"SIM";"NÃO";"241732.42000000001";"Não";270;141159459,09;36077752,37;0;39187422,61;37997321,38;0;0;"http://www.car.ba.gov.br/sites/default/files/2021-05/5_Carta%20Anual%20_2020_2021.pdf ";"Bahia";"Nordeste";FALSE;FALSE;-39187422,61
"32";"BA";"Empresa Baiana de Águas e Saneamento da Bahia - EMBASA";"ATIVA";"SANEAMENTO";"SOCIEDADE DE ECONOMIA MISTA";"Não Dependente";6138356762,24;242928074,98;"SIM";"SIM";"SIM";"575232.29000000004";"Sim";4779;616186376,76;763194172,63;0;0;0;0;0;"https://www.embasa.ba.gov.br/index.php/institucional/a-embasa/governanca/carta-anual-de-governanca-corporativa";"Bahia";"Nordeste";TRUE;FALSE;0
"33";"BA";"Companhia de Engenharia Hídrica e de Saneamento da Bahia - CERB";"ATIVA";"SANEAMENTO";"EMPRESA PÚBLICA";"Dependente";11662614,88;1787088,62;"SIM";"SIM";"SIM";"344215.39000000001";"Sim";369;0;61641857,48;0;91796118,07;102341820,87;0;0;NA;"Bahia";"Nordeste";TRUE;FALSE;-91796118,07
"34";"BA";"Companhia Baiana de Pesquisa Mineral - CBPM";"ATIVA";"MINERAÇÃO";"SOCIEDADE DE ECONOMIA MISTA";"Dependente";75297334,11;-49450078;"SIM";"SIM";"NÃO";"270120.96999999997";"Não";173;5315213,31;25607585,46;0;6275628,35;5037498,81;0;0;"http://www.cbpm.ba.gov.br/wp-content/uploads/2021/05/CARTA-ANUAL-DE-POLITICAS-PUBLICAS-E-GOVERNANCA-CORPORATIVA-2021.pdf";"Bahia";"Nordeste";FALSE;FALSE;-6275628,35
"35";"BA";"Companhia de Processamento de Dados do Estado da Bahia - PRODEB";"ATIVA";"INFORMÁTICA E TECNOLOGIA DA INFORMAÇÃO";"SOCIEDADE DE ECONOMIA MISTA";"Não Dependente";34428545,44;1175345;"SIM";"SIM";"SIM";"323351.59000000003";"Não";464;9642972;46460452,56;0;0;0;2e+06;0;"http://www.prodeb.gov.br/Paginas/Governan%C3%A7a-corporativa-.aspx";"Bahia";"Nordeste";TRUE;FALSE;-2e+06
"36";"BA";"Companhia de Desenvolvimento Urbano do Estado da Bahia - CONDER";"ATIVA";"HABITAÇÃO E URBANIZAÇÃO";"EMPRESA PÚBLICA";"Dependente";-53966875,35;-1225524,8;"SIM";"SIM";"NÃO";"276743.27000000002";"Não";378;114145893,35;36659577,34;0;71778334,73;145441811,62;0;0;"http://www.conder.ba.gov.br/sites/default/files/2021-05/Carta_Anual_de_Governanca_Corporativa_2019.pdf";"Bahia";"Nordeste";FALSE;FALSE;-71778334,73
"37";"BA";"Agência de Fomento do Estado da Bahia - DESENBAHIA";"ATIVA";"FINANCEIRO";"SOCIEDADE DE ECONOMIA MISTA";"Não Dependente";648870568,04;29781352,94;"SIM";"SIM";"SIM";"358089.66999999998";"Sim";194;0;50758540,65;11207188,06;0;0;0;0;"https://www.desenbahia.ba.gov.br/wp-content/uploads/2021/04/carta-anual-politicas-publicas-e-governanca-corporativa-2020.pdf";"Bahia";"Nordeste";TRUE;FALSE;11207188,06
"38";"BA";"Habitação e Urbanização da Bahia S/A - URBIS";"EM LIQUIDAÇÃO";"HABITAÇÃO E URBANIZAÇÃO";"SOCIEDADE DE ECONOMIA MISTA";"Não Dependente";-120266750,71;-6896278,43;"SIM";"SIM";"NÃO";"230378.10999999999";"Não";28;0;3287420,25;0;0;0;6121689,43;4e+06;NA;"Bahia";"Nordeste";FALSE;FALSE;-6121689,43
"39";"BA";"Empresa Gráfica da Bahia - EGBA";"ATIVA";"COMUNICAÇÃO";"EMPRESA PÚBLICA";"Não Dependente";60374018;2261203;"SIM";"SIM";"NÃO";"328004.71000000002";"Não";217;0;17666756,66;0;0;0;0;0;NA;"Bahia";"Nordeste";FALSE;FALSE;0
"40";"BA";"Empresa Baiana de Ativos S/A - BAHIAINVESTE";"ATIVA";"FINANCEIRO";"SOCIEDADE DE ECONOMIA MISTA";"Não Dependente";1170723,34;-3161284,35;"SIM";"SIM";"SIM";"339759.28999999998";"Não";16;13197,99;2882431,78;0;0;0;3500000;0;"http://www.bahiainveste.ba.gov.br/wp-content/uploads/2021/05/CARTA-ANUALgovernanca2019-24.05.2021.pdf";"Bahia";"Nordeste";TRUE;FALSE;-3500000
"41";"BA";"Companhia de Gás da Bahia - BAHIAGÁS";"ATIVA";"GÁS E DERIVADOS";"SOCIEDADE DE ECONOMIA MISTA";"Não Dependente";593070701,35;55332629,24;"SIM";"SIM";"NÃO";"355342.62";"Sim";233;89144098,58;55523124,66;17301335,8;0;0;0;0;"http://bahiagas.com.br/bahiagas/cartas-anuais";"Bahia";"Nordeste";FALSE;FALSE;17301335,8
"42";"CE";"Companhia de Desenvolvimento do Complexo Industrial e Portuário do Pecém - CIPP";"ATIVA";"TRANSPORTE";"SOCIEDADE DE ECONOMIA MISTA";"Não Dependente";1086839757,03;31731624,77;"SIM";"SIM";"SIM";"37896.25";"Sim";99;20618687,4;50118285,01;21054274,64;0;0;0;0;NA;"Ceará";"Nordeste";TRUE;FALSE;21054274,64
"43";"CE";"Companhia Cearense de Transportes Metropolitanos - METROFOR";"ATIVA";"TRANSPORTE";"SOCIEDADE DE ECONOMIA MISTA";"Dependente";1074855105,69;-180229943,76;"SIM";"SIM";"SIM";"201189.85999999999";"Não";419;27625823,4;71442381,17;0;0;0;169509353,53;146647615,48;NA;"Ceará";"Nordeste";TRUE;FALSE;-169509353,53
"44";"CE";"Empresa de Tecnologia da Informação do Ceará - ETICE";"ATIVA";"INFORMÁTICA E TECNOLOGIA DA INFORMAÇÃO";"EMPRESA PÚBLICA";"Dependente";13748707;7020725;"SIM";"SIM";"NÃO";"302218.53999999998";"Não";166;138698,54;22920426,22;0;28333385,59;30587551,55;0;0;NA;"Ceará";"Nordeste";FALSE;FALSE;-28333385,59
"45";"CE";"Empresa de Assistência Técnica e Extensão Rural do Ceará - EMATERCE";"ATIVA";"PESQUISA E ASSISTÊNCIA TÉCNICA AGROPECUÁRIA";"EMPRESA PÚBLICA";"Dependente";-110870424,96;-1426914,41;"SIM";"SIM";"NÃO";"264608.15000000002";"Não";530;0;89970343,6;0;0;0;0;0;NA;"Ceará";"Nordeste";FALSE;FALSE;0
"46";"CE";"Companhia de Desenvolvimento do Ceará - CODECE";"ATIVA";"DESENVOLVIMENTO REGIONAL";"SOCIEDADE DE ECONOMIA MISTA";"Dependente";15811825,18;-2151522,09;"SIM";"SIM";"NÃO";"79871.089999999997";"Não";24;205320,39;3811968,09;0;2023629,03;2224331;0;0;NA;"Ceará";"Nordeste";FALSE;FALSE;-2023629,03
"47";"CE";"Centrais de Abastecimento do Ceará S/A - CEASA";"ATIVA";"ABASTECIMENTO DE ALIMENTOS E OUTROS INSUMOS";"SOCIEDADE DE ECONOMIA MISTA";"Não Dependente";5693361,91;1010818,72;"SIM";"SIM";"NÃO";"208006.23000000001";"Não";40;0;6317933;0;0;0;0;0;NA;"Ceará";"Nordeste";FALSE;FALSE;0
"48";"CE";"Companhia de Água e Esgoto do Ceará - CAGECE";"ATIVA";"SANEAMENTO";"SOCIEDADE DE ECONOMIA MISTA";"Não Dependente";2512523345,72;134599157,22;"SIM";"SIM";"SIM";"535479.47999999998";"Sim";5499;0;532218046,58;14890256,46;0;0;0;0;NA;"Ceará";"Nordeste";TRUE;FALSE;14890256,46
"49";"CE";"Companhia de Habitação do Ceará - COHAB";"EM LIQUIDAÇÃO";"HABITAÇÃO E URBANIZAÇÃO";"SOCIEDADE DE ECONOMIA MISTA";"Dependente";-277197554,9;-10588331;"NÃO";"SIM";"SIM";"109372.38";"Não";45;299,98;3429460,18;0;2897160,53;2979444,33;0;0;NA;"Ceará";"Nordeste";FALSE;FALSE;-2897160,53
"50";"CE";"Agência de Desenvolvimento do Estado do Ceará S.A - ADECE";"ATIVA";"DESENVOLVIMENTO REGIONAL";"SOCIEDADE DE ECONOMIA MISTA";"Não Dependente";118425345,91;3558609,72;"SIM";"SIM";"NÃO";"169888.54999999999";"Não";23;6159285,63;9142065,72;0;0;0;0;50000;NA;"Ceará";"Nordeste";FALSE;FALSE;0
"51";"CE";"Companhia de Gás do Ceará - CEGÁS";"ATIVA";"GÁS E DERIVADOS";"SOCIEDADE DE ECONOMIA MISTA";"Não Dependente";224014014,95;63394914,74;"SIM";"SIM";"SIM";"187232.76000000001";"Sim";97;24951792,85;11537447,08;7632905,12;0;0;0;0;NA;"Ceará";"Nordeste";TRUE;FALSE;7632905,12
"52";"CE";"Companhia de Gestão dos Recursos Hídricos - COGERH";"ATIVA";"SANEAMENTO";"SOCIEDADE DE ECONOMIA MISTA";"Não Dependente";229625991;3581411;"SIM";"SIM";"SIM";"387039.72999999998";"Sim";131;9351472;64426486;4196747,98;0;0;0;0;NA;"Ceará";"Nordeste";TRUE;FALSE;4196747,98
"53";"DF";"Banco de Brasília S.A - BRB";"ATIVA";"FINANCEIRO";"SOCIEDADE DE ECONOMIA MISTA";"Não Dependente";2011396552;449599242;"SIM";"SIM";"SIM";"592374";"Sim";2918;135400323,86;945919109;74017271,49;0;0;0;0;"http://ri.brb.com.br/regulamentos-e-politicas/";"Distrito Federal";"Centro-oeste";TRUE;FALSE;74017271,49
"54";"DF";"Sociedade de Transportes Coletivos de Brasília LTDA - TCB";"ATIVA";"TRANSPORTE";"EMPRESA PÚBLICA";"Dependente";65498439,17;-3171434,1;"SIM";"SIM";"SIM";"43688.400000000001";"Não";349;245839,03;7284315,56;0;0;0;0;0;"http://www.tcb.df.gov.br/wp-content/uploads/2021/04/Carta-Anual-de-Governanca-2020-versao-final.pdf";"Distrito Federal";"Centro-oeste";TRUE;FALSE;0
"55";"DF";"Sociedade de Abastecimento de Brasília S.A ""Em Liquidação"" - SAB";"EM LIQUIDAÇÃO";"ABASTECIMENTO DE ALIMENTOS E OUTROS INSUMOS";"EMPRESA PÚBLICA";"Dependente";0;0;"SIM";"SIM";"NÃO";"356241.88";"Não";175;0;21248313,39;0;21551796,21;28893596,04;0;0;NA;"Distrito Federal";"Centro-oeste";FALSE;FALSE;-21551796,21
"56";"DF";"CIA Urbanizadora da Nova Capital do Brasil S.A - NOVACAP";"ATIVA";"HABITAÇÃO E URBANIZAÇÃO";"EMPRESA PÚBLICA";"Dependente";623473031,6;-112577603,96;"SIM";"SIM";"NÃO";"685277.70999999996";"Não";1589;112149334,66;488540744,46;0;781619214,12;778306368,47;0;0;"http://www.novacap.df.gov.br/wp-content/uploads/2019/09/CARTA_DE_GOVERNANCA_Publicacao__04.03.2020_.pdf";"Distrito Federal";"Centro-oeste";FALSE;FALSE;-781619214,12
"57";"DF";"Companhia de Planejamento do Distrito Federal S.A - CODEPLAN";"ATIVA";"OUTROS";"EMPRESA PÚBLICA";"Dependente";-23758875,49;-6630201,94;"SIM";"SIM";"SIM";"454861.72999999998";"Não";435;57367,6;109736954,51;0;116903558,77;119696984,17;32942,11;25620,11;NA;"Distrito Federal";"Centro-oeste";TRUE;FALSE;-116936500,88
"58";"DF";"Companhia Energética de Brasília S.A - CEB-H";"ATIVA";"ENERGIA";"SOCIEDADE DE ECONOMIA MISTA";"Não Dependente";678769531,05;432619022,46;"SIM";"SIM";"SIM";"472573.70000000001";"Não";80;78515454,1;21299621,38;20086507,45;0;0;0;0;"http://www.ceb.com.br/index.php/institucional-ceb-separator/companhia-energetica-de-brasilia-ceb";"Distrito Federal";"Centro-oeste";TRUE;FALSE;20086507,45
"59";"DF";"Companhia de Saneamento Ambiental do Distrito Federal S.A - CAESB";"ATIVA";"SANEAMENTO";"SOCIEDADE DE ECONOMIA MISTA";"Não Dependente";1577054088,55;199146031,73;"SIM";"SIM";"SIM";"671092.89000000001";"Sim";2212;237671874,31;770974403,59;0;0;0;1626639,87;15673253,07;"https://www.caesb.df.gov.br/empresa/governanca-corporativa/balancos-e-relatorios/relatorio-anual-da-administracao.html.";"Distrito Federal";"Centro-oeste";TRUE;FALSE;-1626639,87
"60";"DF";"Centrais de Abastecimento do Distrito Federal S.A - CEASA";"ATIVA";"ABASTECIMENTO DE ALIMENTOS E OUTROS INSUMOS";"SOCIEDADE DE ECONOMIA MISTA";"Não Dependente";57537878,85;-2804538,65;"SIM";"SIM";"NÃO";"30524.080000000002";"Não";58;5522454,13;9858892,87;0;0;0;0;0;"http://www.ceasa.df.gov.br/acoes-e-programas/";"Distrito Federal";"Centro-oeste";FALSE;FALSE;0
"61";"DF";"PROFLORA - Florestamento e Reflorestamento S.A";"EM LIQUIDAÇÃO";"OUTROS";"SOCIEDADE DE ECONOMIA MISTA";"Não Dependente";24042145,59;-1549715,78;"SIM";"SIM";"NÃO";"165657.31";"Não";14;0;1490786;0;0;0;0;0;NA;"Distrito Federal";"Centro-oeste";FALSE;FALSE;0
"62";"DF";"Companhia Imobiliária de Brasília S.A - TERRACAP";"ATIVA";"DESENVOLVIMENTO REGIONAL";"EMPRESA PÚBLICA";"Não Dependente";2920733695;-55081195;"SIM";"SIM";"SIM";"613194.20999999996";"Não";627;109465391,1;240132248,16;0;0;0;0;0;"https://www.terracap.df.gov.br/index.php/acesso-informacao/normas-manuais-e-politicas";"Distrito Federal";"Centro-oeste";TRUE;FALSE;0
"63";"DF";"Empresa de Assistência Técnica e Extensão Rural do DF - EMATER";"ATIVA";"PESQUISA E ASSISTÊNCIA TÉCNICA AGROPECUÁRIA";"EMPRESA PÚBLICA";"Dependente";-17709661,3;-1153541,45;"SIM";"SIM";"SIM";"484650.32000000001";"Não";366;989518,17;101987245,9;0;123614213,37;0;0;0;"http://www.emater.df.gov.br/governanca-corporativa/.";"Distrito Federal";"Centro-oeste";TRUE;FALSE;-123614213,37
"64";"DF";"Cartão BRB S.A";"ATIVA";"FINANCEIRO";"SOCIEDADE DE ECONOMIA MISTA";"Não Dependente";549606408,25;130346266,18;"SIM";"SIM";"NÃO";"465664.40999999997";"Sim";197;63844293,48;34178932,77;83658244,81;0;0;0;0;NA;"Distrito Federal";"Centro-oeste";FALSE;FALSE;83658244,81
"65";"DF";"Instituto BRB de Desenvolvimento Humano e Responsabilidade Socioambiental";"ATIVA";"OUTROS";"EMPRESA PÚBLICA";"Não Dependente";7139170;2523638;"SIM";"SIM";"NÃO";"0";"Não";0;0;0;0;0;0;0;0;NA;"Distrito Federal";"Centro-oeste";FALSE;FALSE;0
"66";"DF";"CEB Lajeado S.A";"ATIVA";"ENERGIA";"SOCIEDADE DE ECONOMIA MISTA";"Não Dependente";320815497,79;60005673,14;"SIM";"SIM";"SIM";"536204.19999999995";"Não";23;72165;3990388,9;0;0;0;0;0;"http://www.ceb.com.br/index.php/institucional-ceb-separator/ceb-lajeado-s-a";"Distrito Federal";"Centro-oeste";TRUE;FALSE;0
"67";"DF";"CEB Participações S.A";"ATIVA";"ENERGIA";"SOCIEDADE DE ECONOMIA MISTA";"Não Dependente";33090654,99;15331278,42;"NÃO";"SIM";"NÃO";"395710.53000000003";"Não";0;29879,14;90222,11;0;0;0;0;0;NA;"Distrito Federal";"Centro-oeste";FALSE;FALSE;0
"68";"DF";"CEB Geração S.A";"ATIVA";"ENERGIA";"SOCIEDADE DE ECONOMIA MISTA";"Não Dependente";21791104,94;4272769,34;"NÃO";"SIM";"SIM";"402163.77000000002";"Não";14;2422590,9;3259282,72;0;0;0;0;0;NA;"Distrito Federal";"Centro-oeste";FALSE;FALSE;0
"69";"DF";"Companhia Brasiliense de Gás S.A - CEB-GÁS";"ATIVA";"GÁS E DERIVADOS";"SOCIEDADE DE ECONOMIA MISTA";"Não Dependente";711404,2;-429861,8;"SIM";"SIM";"NÃO";"124147.74000000001";"Não";3;0;342148,84;0;0;0;68000;67150;NA;"Distrito Federal";"Centro-oeste";FALSE;FALSE;-68000
"70";"DF";"Companhia de Desenvolvimento Habitacional do Distrito Federal - CODHAB";"ATIVA";"HABITAÇÃO E URBANIZAÇÃO";"EMPRESA PÚBLICA";"Dependente";112193449,3;-21429838,32;"SIM";"SIM";"SIM";"253560";"Não";204;13926971,93;17811238,63;0;0;0;0;0;NA;"Distrito Federal";"Centro-oeste";TRUE;FALSE;0
"71";"DF";"BRB Serviços S.A";"ATIVA";"OUTROS";"SOCIEDADE DE ECONOMIA MISTA";"Não Dependente";11409762;3195792;"SIM";"SIM";"NÃO";"442105.67999999999";"Não";0;539184;39379693;0;0;0;0;0;NA;"Distrito Federal";"Centro-oeste";FALSE;FALSE;0
"72";"DF";"DF Gestão de Ativos S.A";"ATIVA";"GESTÃO DE ATIVOS";"SOCIEDADE DE ECONOMIA MISTA";"Não Dependente";491297,45;-325269,9;"SIM";"SIM";"NÃO";"0";"Não";0;0;307341,67;0;0;0;0;1043800;NA;"Distrito Federal";"Centro-oeste";FALSE;FALSE;0
"73";"DF";"BIOTIC S.A";"ATIVA";"GESTÃO DE ATIVOS";"EMPRESA PÚBLICA";"Não Dependente";6659366,83;-268200,48;"SIM";"SIM";"SIM";"211861.85999999999";"Não";0;935748,75;2362041;0;0;0;0;0;NA;"Distrito Federal";"Centro-oeste";TRUE;FALSE;0
"74";"DF";"BRB Crédito, Financeira e Investimentos S.A";"ATIVA";"FINANCEIRO";"SOCIEDADE DE ECONOMIA MISTA";"Não Dependente";279615136,23;84020098,99;"SIM";"SIM";"SIM";"496083.70000000001";"Sim";54;0;31719169,01;0;0;0;0;0;NA;"Distrito Federal";"Centro-oeste";TRUE;FALSE;0
"75";"DF";"BRB Distribuidora de Títulos Mobiliários S.A";"ATIVA";"FINANCEIRO";"SOCIEDADE DE ECONOMIA MISTA";"Não Dependente";48280892;-143216;"SIM";"SIM";"SIM";"471709.23999999999";"Sim";29;0;1406933;0;0;0;0;0;NA;"Distrito Federal";"Centro-oeste";TRUE;FALSE;0
"76";"DF";"Companhia do Metropolitano do Distrito Federal - METRÔ/DF";"ATIVA";"TRANSPORTE";"EMPRESA PÚBLICA";"Dependente";1880844694,12;-83595341,5;"SIM";"SIM";"NÃO";"559888.68999999994";"Não";125;13415284,01;232953891,57;0;275133296,95;211784983,46;11331778,97;17151028,28;"http://www.metro.df.gov.br/?page_id=37077";"Distrito Federal";"Centro-oeste";FALSE;FALSE;-286465075,92
"77";"DF";"CEB Iluminação Pública e Serviços S.A";"ATIVA";"ENERGIA";"SOCIEDADE DE ECONOMIA MISTA";"Não Dependente";100062,63;0;"NÃO";"NÃO";"NÃO";"0";"Não";0;0;0;0;0;0;0;0;NA;"Distrito Federal";"Centro-oeste";FALSE;FALSE;0
"78";"DF";"BRB Administradora e Corretora de Seguros S.A";"ATIVA";"OUTROS";"SOCIEDADE DE ECONOMIA MISTA";"Não Dependente";101599697,15;84986097;"SIM";"SIM";"NÃO";"527836.58999999997";"Sim";280;0;35831011,52;0;0;0;0;0;NA;"Distrito Federal";"Centro-oeste";FALSE;FALSE;0
"79";"ES";"CEASA CENTRAIS DE ABASTECIMENTO DO ESPIRITO SANTO SA";"ATIVA";"ABASTECIMENTO DE ALIMENTOS E OUTROS INSUMOS";"SOCIEDADE DE ECONOMIA MISTA";"Dependente";9143095,69;87963,08;"SIM";"SIM";"NÃO";"87516.210000000006";"Não";176;0;4366520;0;0;0;0;0;"https://ceasa.es.gov.br/Media/ceasa/Camille/CARTA%20ANUAL%20DE%20POL%C3%8DTICAS%20P%C3%9ABLICAS%20E%20GOVERNAN%C3%87A%20CORPORATIVA.pdf";"Espiríto Santo";"Sudeste";FALSE;FALSE;0
"80";"ES";"BANESTES BANCO DO ESTADO ESPIRITO SANTO";"ATIVA";"FINANCEIRO";"SOCIEDADE DE ECONOMIA MISTA";"Não Dependente";1713900000;231797000;"SIM";"SIM";"SIM";"478309.70000000001";"Sim";2035;50103000;370874000;36608651,4;0;0;0;0;"https://banestes.com.br/ri/ri_infoFinanceira_cartaAnual.html";"Espiríto Santo";"Sudeste";TRUE;FALSE;36608651,4
"81";"ES";"COHAB CONPANHIA DE HABITAÇÃO E URBANIZAÇÃO DO ESPIRITO SANTO- EM LIQUIDAÇÃO";"EM LIQUIDAÇÃO";"HABITAÇÃO E URBANIZAÇÃO";"SOCIEDADE DE ECONOMIA MISTA";"Não Dependente";14995000;-82000;"NÃO";"SIM";"NÃO";"82524";"Não";22;0;1613550,33;0;2758000;1857000;0;0;NA;"Espiríto Santo";"Sudeste";FALSE;FALSE;-2758000
"82";"ES";"BANDES BANCO DE DESENVOLVIMENTO DO ESPIRITO SANTO SA";"ATIVA";"FINANCEIRO";"SOCIEDADE DE ECONOMIA MISTA";"Não Dependente";269628000;28292000;"SIM";"SIM";"SIM";"263768.46999999997";"Sim";170;13643000;43678000;0;0;0;20148517,23;117710000;"https://www.bandes.com.br/Site/Dinamico/Show/933/Governanca-Corporativa";"Espiríto Santo";"Sudeste";TRUE;FALSE;-20148517,23
"83";"ES";"CESAN COMPANHIA ESPIRITO SANTENSE DE SANEAMENTO";"ATIVA";"SANEAMENTO";"SOCIEDADE DE ECONOMIA MISTA";"Não Dependente";2885480000;187898000;"SIM";"SIM";"SIM";"536243.53000000003";"Sim";1378;2,65e+08;94395000;0;0;0;75115173,89;45228437,74;"https://www.cesan.com.br/wp-content/uploads/2021/03/Carta-Anual-de-Pol%C3%ADticasP%C3%BAblicas-VF-CA-mar2021-1.pdf";"Espiríto Santo";"Sudeste";TRUE;FALSE;-75115173,89
"84";"ES";"CETURB COMPANHIA ESTADUALDE TRANSPORTE COLETIVO DE PASSAGEIROS DO ESPIRITO SANTO";"ATIVA";"TRANSPORTE";"EMPRESA PÚBLICA";"Dependente";10427942,68;-56887835,05;"SIM";"SIM";"NÃO";"202187.84";"Não";190;0;13765850,04;0;0;0;0;2361161,47;NA;"Espiríto Santo";"Sudeste";FALSE;FALSE;0
"85";"ES";"ES GAS COMPANHIA DE GAS DO ESPIRITO SANTO";"ATIVA";"GÁS E DERIVADOS";"SOCIEDADE DE ECONOMIA MISTA";"Não Dependente";651119000;20177000;"SIM";"SIM";"SIM";"339312.5";"Não";129;632054000;3780000;0;0;0;2,3e+08;2550000;NA;"Espiríto Santo";"Sudeste";TRUE;FALSE;-2,3e+08
"86";"GO";"Centrais de Abastecimento de Goiás S/A - CEASA/GO";"ATIVA";"ABASTECIMENTO DE ALIMENTOS E OUTROS INSUMOS";"SOCIEDADE DE ECONOMIA MISTA";"Não Dependente";14946405,77;330914,33;"SIM";"SIM";"NÃO";"345065.44";"Não";94;309205,4;10888919,38;0;0;0;0;0;"https://www.ceasa.go.gov.br/acesso-a-informacao/2-institucional/898-governanca.html";"Goiás";"Centro-oeste";FALSE;FALSE;0
"87";"GO";"Agência Goiana de Habitação - AGEHAB";"ATIVA";"HABITAÇÃO E URBANIZAÇÃO";"SOCIEDADE DE ECONOMIA MISTA";"Dependente";10087082,92;-963434,39;"SIM";"SIM";"NÃO";"374041.52000000002";"Não";181;6823,48;27273924,05;0;28495045,4;0;0;35737655,41;"https://www.agehab.go.gov.br/acesso-a-informacao/2-institucional/2969-carta-anual-de-governan%C3%A7a-corporativa.html";"Goiás";"Centro-oeste";FALSE;FALSE;-28495045,4
"88";"GO";"Companhia de Desenvolvimento Econômico de Goiás - CODEGO";"ATIVA";"DESENVOLVIMENTO REGIONAL";"SOCIEDADE DE ECONOMIA MISTA";"Não Dependente";149704926,88;7452052,38;"SIM";"SIM";"NÃO";"241163.03";"Não";341;158143;20477259,36;0;0;0;15980575,4;0;"http://www.codego.com.br/docs/Carta%20Anual%20Politicas.pdf";"Goiás";"Centro-oeste";FALSE;FALSE;-15980575,4
"89";"GO";"Metais de Goiás S/A - METAGO";"EM LIQUIDAÇÃO";"MINERAÇÃO";"SOCIEDADE DE ECONOMIA MISTA";"Dependente";22955400,34;555034,95;"NÃO";"SIM";"NÃO";"12000";"Não";0;0;65499,07;0;44130;63870;0;0;NA;"Goiás";"Centro-oeste";FALSE;FALSE;-44130
"90";"GO";"Indústria Química do Estado de Goiás S/A - IQUEGO";"ATIVA";"GESTÃO DE ATIVOS";"SOCIEDADE DE ECONOMIA MISTA";"Dependente";3297130,55;-20625508,02;"SIM";"SIM";"SIM";"284070.02000000002";"Não";45;0;9932191,12;0;1503000;0;0;11400905,48;NA;"Goiás";"Centro-oeste";TRUE;FALSE;-1503000
"91";"GO";"Companhia de Armazéns e Silos do Estado de Goiás S/A - CASEGO";"EM LIQUIDAÇÃO";"ABASTECIMENTO DE ALIMENTOS E OUTROS INSUMOS";"SOCIEDADE DE ECONOMIA MISTA";"Dependente";30547136,75;7359102,44;"NÃO";"SIM";"NÃO";"12000";"Não";0;0;43200;0;44020;75991,39;0;0;NA;"Goiás";"Centro-oeste";FALSE;FALSE;-44020
"92";"GO";"Caixa Econômica do Estado de Goiás - CAIXEGO";"EM LIQUIDAÇÃO";"FINANCEIRO";"EMPRESA PÚBLICA";"Não Dependente";-425197217,7;0;"NÃO";"NÃO";"NÃO";"0";"Não";0;0;0;0;0;0;0;0;NA;"Goiás";"Centro-oeste";FALSE;FALSE;0
"93";"GO";"Saneamento de Goiás S/A - SANEAGO";"ATIVA";"SANEAMENTO";"SOCIEDADE DE ECONOMIA MISTA";"Não Dependente";3077632;336346;"SIM";"SIM";"SIM";"714691.19999999995";"Sim";5831;259213;1025045;50089286,78;0;0;0;0;NA;"Goiás";"Centro-oeste";TRUE;FALSE;50089286,78
"94";"GO";"Empresa de Assistência Técnica. Extensão Rural e Pesquisa Agropecuária do Estado de Goiás - EMATER";"EM LIQUIDAÇÃO";"PESQUISA E ASSISTÊNCIA TÉCNICA AGROPECUÁRIA";"EMPRESA PÚBLICA";"Dependente";50635594,06;-3830257,11;"NÃO";"SIM";"NÃO";"12000";"Não";0;0;43200;0;44130;63870;0;0;NA;"Goiás";"Centro-oeste";FALSE;FALSE;-44130
"95";"GO";"Metrobus Transporte Coletivo S/A - METROBUS";"ATIVA";"TRANSPORTE";"SOCIEDADE DE ECONOMIA MISTA";"Dependente";-2106100;16977000;"SIM";"SIM";"NÃO";"204535.39999999999";"Não";394;2637823,37;40235309,72;0;17400000;0;0;4546337,51;NA;"Goiás";"Centro-oeste";FALSE;FALSE;-17400000
"96";"GO";"Agência de Fomento de Goiás S/A - GOASFOMENTO";"ATIVA";"FINANCEIRO";"SOCIEDADE DE ECONOMIA MISTA";"Não Dependente";197724792,74;2384927,11;"SIM";"SIM";"NÃO";"328917.91999999998";"Sim";124;0;21841482,9;0;0;0;0;0;"https://www.goiasfomento.com/acesso-a-informacao/carta-anual-de-governanca-corporativa-2019/";"Goiás";"Centro-oeste";FALSE;FALSE;0
"97";"GO";"Agência Goiana de Gás Canalizado S/A - GOIASGÁS";"ATIVA";"GÁS E DERIVADOS";"SOCIEDADE DE ECONOMIA MISTA";"Não Dependente";511464,88;-495615,63;"SIM";"SIM";"NÃO";"10450";"Não";1;6516,95;235775,27;0;0;0;0;0;NA;"Goiás";"Centro-oeste";FALSE;FALSE;0
"98";"GO";"CELG Geração e Transmissão S/A - CELG G T";"ATIVA";"ENERGIA";"SOCIEDADE DE ECONOMIA MISTA";"Não Dependente";1313388560,02;165642720,99;"NÃO";"SIM";"SIM";"473446.78999999998";"Não";185;57064524,26;42180071,54;0;0;0;0;0;"https://celggt.com/AcessoItem.aspx?39";"Goiás";"Centro-oeste";FALSE;FALSE;0
"99";"GO";"Companhia de Investimento e Parcerias do Estado de Goiás - GOIASPARCERIA";"ATIVA";"DESENVOLVIMENTO REGIONAL";"SOCIEDADE DE ECONOMIA MISTA";"Não Dependente";234758796,08;2786417,67;"SIM";"SIM";"NÃO";"242813.34";"Não";23;0;3937211,64;0;0;0;0;0;"https://www.goiasparcerias.go.gov.br/acesso-a-informacao.html?view=article&id=119&catid=2";"Goiás";"Centro-oeste";FALSE;FALSE;0
"100";"GO";"Companhia CELG de Participações - CELGPAR";"ATIVA";"ENERGIA";"SOCIEDADE DE ECONOMIA MISTA";"Não Dependente";1418780881,16;166436072,88;"SIM";"SIM";"SIM";"0";"Não";0;9e+06;4466918,87;71025914,85;0;0;0;0;"http://celgpar.celggt.com/AcessoItem.aspx?100";"Goiás";"Centro-oeste";TRUE;FALSE;71025914,85
"101";"GO";"Goiás Telecomunicações S/A - GOIAS TELECOM";"ATIVA";"COMUNICAÇÃO";"SOCIEDADE DE ECONOMIA MISTA";"Dependente";368533,34;-424415,2;"SIM";"SIM";"SIM";"240495";"Não";4;0;1293878,25;0;1466949,52;0;0;1350000;NA;"Goiás";"Centro-oeste";TRUE;FALSE;-1466949,52
"102";"GO";"Empresa Estadual de Processamento de Dados de Goiás - PRODAGO";"EM LIQUIDAÇÃO";"INFORMÁTICA E TECNOLOGIA DA INFORMAÇÃO";"EMPRESA PÚBLICA";"Dependente";376991050,6;-21142017,26;"NÃO";"SIM";"NÃO";"218239.17999999999";"Não";26;0;3354969,76;0;22074438,07;21585241,05;0;0;NA;"Goiás";"Centro-oeste";FALSE;FALSE;-22074438,07
"103";"MA";"Empresa Maranhense de Administração Portuária (EMAP)";"ATIVA";"PORTOS E HIDROVIAS";"EMPRESA PÚBLICA";"Não Dependente";534232019,78;30583558,7;"SIM";"SIM";"SIM";"744302.78000000003";"Sim";231;15759553,18;38608960,13;0;0;0;0;0;"https://www.portodoitaqui.ma.gov.br/emap/carta-anual";"Maranhão";"Nordeste";TRUE;FALSE;0
"104";"MA";"Companhia Maranhense de Gás (GASMAR)";"ATIVA";"GÁS E DERIVADOS";"SOCIEDADE DE ECONOMIA MISTA";"Não Dependente";13413000;15635422,38;"SIM";"SIM";"NÃO";"34926.129999999997";"Sim";27;108000;4493221,39;3411010,22;0;0;0;0;"https://www.gasmar.com.br/carta-anual-de-governanca";"Maranhão";"Nordeste";FALSE;FALSE;3411010,22
"105";"MA";"Maranhão Parcerias (MAPA)";"ATIVA";"GESTÃO DE ATIVOS";"EMPRESA PÚBLICA";"Dependente";6529022,58;-66336287,71;"SIM";"SIM";"NÃO";"390430.15999999997";"Não";583;0;44955487,67;0;0;56706094,12;0;0;"https://mapa.ma.gov.br/carta-anual/ ";"Maranhão";"Nordeste";FALSE;FALSE;0
"106";"MA";"Empresa Maranhense de Serviços Hospitalares (EMSERH)";"ATIVA";"SAÚDE";"EMPRESA PÚBLICA";"Dependente";261077448,12;204853267,4;"SIM";"SIM";"SIM";"19419.23";"Não";7845;0;188681931,35;0;0;0;0;0;NA;"Maranhão";"Nordeste";TRUE;FALSE;0
"107";"MA";"Companhia de Saneamento Ambiental do Maranhão (CAEMA)";"ATIVA";"SANEAMENTO";"SOCIEDADE DE ECONOMIA MISTA";"Dependente";810467761,3;-52843733,2;"SIM";"SIM";"SIM";"34578.120000000003";"Não";1930;25610929,07;271604214,31;0;0;0;100346304,26;8712434,28;"https://www.gasmar.com.br/carta-anual-de-governanca";"Maranhão";"Nordeste";TRUE;FALSE;-100346304,26
"108";"MG";"TREM METROPOLITANO DE BELO HORIZONTE S.A - METROMINAS";"ATIVA";"TRANSPORTE";"EMPRESA PÚBLICA";"Não Dependente";919059;-218917;"SIM";"SIM";"NÃO";"167228";"Não";1;0;167228;0;0;0;1042618;0;NA;"Minas gerais";"Sudeste";FALSE;FALSE;-1042618
"109";"MG";"CEMIG GERAÇÃO E TRANSMISSÃO S.A. - CEMIG GT";"ATIVA";"ENERGIA";"SOCIEDADE DE ECONOMIA MISTA";"Não Dependente";5842171000;1055535000;"SIM";"SIM";"SIM";"1209140.1799999999";"Sim";1270;4,14e+08;306535000;0;0;0;0;0;NA;"Minas gerais";"Sudeste";TRUE;FALSE;0
"110";"MG";"CEMIG DISTRIBUIÇÃO S.A. - CEMIG D";"ATIVA";"ENERGIA";"SOCIEDADE DE ECONOMIA MISTA";"Não Dependente";6021631000;1201554000;"SIM";"SIM";"SIM";"1027414.33";"Sim";4104;1,378e+09;885930000;0;0;0;0;0;NA;"Minas gerais";"Sudeste";TRUE;FALSE;0
"111";"MG";"COPASA SERVIÇOS DE SANEAMENTO INTEGRADO DO NORTE E NORDESTE DE MINAS GERAIS S/A - COPANOR";"ATIVA";"SANEAMENTO";"SOCIEDADE DE ECONOMIA MISTA";"Não Dependente";167256860,23;-7386217,04;"NÃO";"SIM";"NÃO";"96298.380000000005";"Não";466;22268101;19320660,79;0;0;0;0;0;NA;"Minas gerais";"Sudeste";FALSE;FALSE;0
"112";"MG";"COMPANHIA DE TECNOLOGIA DA INFORMAÇÃO DO ESTADO DE MINAS GERAIS - PRODEMGE";"ATIVA";"INFORMÁTICA E TECNOLOGIA DA INFORMAÇÃO";"SOCIEDADE DE ECONOMIA MISTA";"Não Dependente";72766739,01;723093,13;"SIM";"SIM";"SIM";"358455.16999999998";"Sim";1075;8259375,82;141054778,45;0;0;0;0;0;NA;"Minas gerais";"Sudeste";TRUE;FALSE;0
"113";"MG";"EMPRESA DE PESQUISA AGROPECUÁRIA DE MINAS GERAIS - EPAMIG";"ATIVA";"PESQUISA E ASSISTÊNCIA TÉCNICA AGROPECUÁRIA";"EMPRESA PÚBLICA";"Dependente";6507089,8;3383372,5;"SIM";"SIM";"NÃO";"325784.10999999999";"Não";663;445573,94;88771944,31;0;91803198,73;97282763,64;0;0;NA;"Minas gerais";"Sudeste";FALSE;FALSE;-91803198,73
"114";"MG";"COMPANHIA ENERGÉTICA DE MINAS GERAIS - CEMIG (*)";"ATIVA";"ENERGIA";"SOCIEDADE DE ECONOMIA MISTA";"Não Dependente";17477348000;2865121000;"SIM";"SIM";"SIM";"1250606.1000000001";"Sim";5431;1,909e+09;1276076000;130243942,73;0;0;51111115;0;NA;"Minas gerais";"Sudeste";TRUE;FALSE;79132827,73
"115";"MG";"COMPANHIA DE HABITAÇÃO DO ESTADO DE MINAS GERAIS - COHAB MINAS";"ATIVA";"HABITAÇÃO E URBANIZAÇÃO";"SOCIEDADE DE ECONOMIA MISTA";"Não Dependente";-64639793,2;-17036111,85;"SIM";"SIM";"NÃO";"379414.22999999998";"Não";187;16019,7;31007924,63;0;0;0;1,5e+07;0;NA;"Minas gerais";"Sudeste";FALSE;FALSE;-1,5e+07
"116";"MG";"COMPANHIA DE SANEAMENTO DE MINAS GERAIS - COPASA MG";"ATIVA";"SANEAMENTO";"SOCIEDADE DE ECONOMIA MISTA";"Não Dependente";6456612818,81;816477175;"SIM";"SIM";"SIM";"829685.56000000006";"Não";11859;547174689;1432792540,55;530397778,78;0;0;0;0;NA;"Minas gerais";"Sudeste";TRUE;FALSE;530397778,78
"117";"MG";"EMPRESA DE ASSISTÊNCIA TÉCNICA E EXTENSAO RURAL DO ESTADO DE MINAS GERAIS - EMATER-MG";"ATIVA";"PESQUISA E ASSISTÊNCIA TÉCNICA AGROPECUÁRIA";"EMPRESA PÚBLICA";"Dependente";59645214,54;3928208,49;"SIM";"SIM";"NÃO";"31336.029999999999";"Não";1892;5837178,74;269867454,57;0;217180006;200461600,51;0;0;NA;"Minas gerais";"Sudeste";FALSE;FALSE;-217180006
"118";"MG";"MINAS GERAIS PARTICIPAÇÕES S.A. - MGI";"ATIVA";"GESTÃO DE ATIVOS";"SOCIEDADE DE ECONOMIA MISTA";"Não Dependente";531355592,8;36555151,07;"SIM";"SIM";"SIM";"187847.72";"Não";72;2034190;13009008,89;0;0;0;32602752,82;75703449,86;NA;"Minas gerais";"Sudeste";TRUE;FALSE;-32602752,82
"119";"MG";"COMPANHIA DE DESENVOLVIMENTO ECONÔMICO DE MINAS GERAIS - CODEMIG";"ATIVA";"DESENVOLVIMENTO REGIONAL";"SOCIEDADE DE ECONOMIA MISTA";"Não Dependente";603866067,09;759657904,02;"SIM";"SIM";"SIM";"0";"Não";0;0;6222962,57;354229897,99;0;0;0;0;NA;"Minas gerais";"Sudeste";TRUE;FALSE;354229897,99
"120";"MG";"EMPRESA MINEIRA DE COMUNICAÇÃO LTDA - EMC";"ATIVA";"COMUNICAÇÃO";"EMPRESA PÚBLICA";"Dependente";35931483;56465;"SIM";"SIM";"NÃO";"119483.39";"Não";105;0;8381592,44;0;9716829,9;11438411,94;0;0;NA;"Minas gerais";"Sudeste";FALSE;FALSE;-9716829,9
"121";"MG";"COMPANHIA DE GÁS DE MINAS GERAIS - GASMIG";"ATIVA";"GÁS E DERIVADOS";"SOCIEDADE DE ECONOMIA MISTA";"Não Dependente";1079409807;228109594,74;"SIM";"SIM";"SIM";"59935.220000000001";"Sim";262;50194427,28;59427978;174631350,23;0;0;0;0;NA;"Minas gerais";"Sudeste";TRUE;FALSE;174631350,23
"122";"MG";"COMPANHIA DE DESENVOLVIMENTO DE MINAS GERAIS - CODEMGE";"ATIVA";"DESENVOLVIMENTO REGIONAL";"SOCIEDADE DE ECONOMIA MISTA";"Não Dependente";1906475704,76;598638721,74;"SIM";"SIM";"SIM";"562488.59999999998";"Sim";233;101419600,47;94047584,29;851916755,84;0;0;0;0;NA;"Minas gerais";"Sudeste";TRUE;FALSE;851916755,84
"123";"MG";"MINAS GERAIS ADMINISTRAÇÃO E SERVIÇOS S.A. - MGS";"ATIVA";"OUTROS";"EMPRESA PÚBLICA";"Não Dependente";109815259,7;22885058,1;"SIM";"SIM";"SIM";"337122.78000000003";"Não";24272;2236052,43;50850748,73;0;0;0;6e+07;0;NA;"Minas gerais";"Sudeste";TRUE;FALSE;-6e+07
"124";"MG";"BANCO DE DESENVOLVIMENTO DE MINAS GERAIS S.A. - BDMG";"ATIVA";"FINANCEIRO";"EMPRESA PÚBLICA";"Não Dependente";1937281385,72;25587567,08;"SIM";"SIM";"SIM";"660578.84999999998";"Sim";319;7693818,11;112220132,22;5724344,5;0;0;105724344,5;67399110,88;NA;"Minas gerais";"Sudeste";TRUE;FALSE;-1e+08
"125";"MS";"LOTESUL - LOTERIA ESTADUAL DE MS";"EM LIQUIDAÇÃO";"OUTROS";"EMPRESA PÚBLICA";"Dependente";0;0;"NÃO";"NÃO";"NÃO";"0";"Não";0;0;0;0;0;0;0;0;NA;"Mato Grosso do Sul";"Centro-oeste";FALSE;FALSE;0
"126";"MS";"COMPANHIA DE GAS DO ESTADO DE MATO GROSSO DO SUL";"ATIVA";"GÁS E DERIVADOS";"SOCIEDADE DE ECONOMIA MISTA";"Não Dependente";95102318,62;84480643,31;"SIM";"SIM";"SIM";"28486.5";"Sim";79;17242877,57;24691789,79;12437183,34;0;0;0;0;NA;"Mato Grosso do Sul";"Centro-oeste";TRUE;FALSE;12437183,34
"127";"MS";"EMPRESA DE SERVIÇOS AGROPECUARIOS DE MATO GROSSO DO SUL - AGROSUL";"EM LIQUIDAÇÃO";"OUTROS";"EMPRESA PÚBLICA";"Dependente";-870131907,33;-56557466,42;"NÃO";"SIM";"NÃO";"0";"Não";0;0;0;0;0;0;0;0;NA;"Mato Grosso do Sul";"Centro-oeste";FALSE;FALSE;0
"128";"MS";"EMPRESA DE SANEAMENTO DE MATO GROSSO DO SUL SA-SANESUL";"ATIVA";"SANEAMENTO";"SOCIEDADE DE ECONOMIA MISTA";"Não Dependente";847425402,89;69948893,34;"SIM";"SIM";"SIM";"24801.060000000001";"Sim";1404;124494354,28;167694244,87;0;0;0;0;0;NA;"Mato Grosso do Sul";"Centro-oeste";TRUE;FALSE;0
"129";"MS";"EMPRESA DE RECURSOS MINERAIS - MS MINERAL";"ATIVA";"MINERAÇÃO";"EMPRESA PÚBLICA";"Dependente";60264,42;0;"SIM";"SIM";"NÃO";"0";"Não";0;0;0;0;23876;26802;0;0;NA;"Mato Grosso do Sul";"Centro-oeste";FALSE;FALSE;-23876
"130";"MS";"CENTRAIS DE ABASTECIMENTO DE MATO GROSSO DO SUL";"ATIVA";"ABASTECIMENTO DE ALIMENTOS E OUTROS INSUMOS";"SOCIEDADE DE ECONOMIA MISTA";"Não Dependente";-210359,8;181909,33;"SIM";"SIM";"NÃO";"29854";"Não";38;360;1635121,55;0;0;0;0;0;NA;"Mato Grosso do Sul";"Centro-oeste";FALSE;FALSE;0
"131";"MT";"COMPANHIA MATOGROSSENSE DE MINERAÇÃO - METAMAT";"ATIVA";"MINERAÇÃO";"SOCIEDADE DE ECONOMIA MISTA";"Dependente";12156229;-1474956;"SIM";"SIM";"NÃO";"327925";"Não";65;2775222;1092297;0;11932666;19215207;0;0;NA;"Mato Grosso";"Centro-oeste";FALSE;FALSE;-11932666
"132";"MT";"COMPANHIA DE SANEAMENTO DO ESTADO DE MATO GROSSO - SANEMAT";"EM LIQUIDAÇÃO";"SANEAMENTO";"SOCIEDADE DE ECONOMIA MISTA";"Dependente";-64568132;-12838035,15;"SIM";"SIM";"NÃO";"167938.72";"Não";7;0;1511546,36;0;0;0;0;0;NA;"Mato Grosso";"Centro-oeste";FALSE;FALSE;0
"133";"MT";"COMPANHIA MATOGROSSENSE DE GÁS - MT GÁS";"ATIVA";"GÁS E DERIVADOS";"SOCIEDADE DE ECONOMIA MISTA";"Dependente";14693565;11896429;"SIM";"SIM";"NÃO";"219000";"Não";13;0;2275489;0;3976391,52;3208926,54;0;0;NA;"Mato Grosso";"Centro-oeste";FALSE;FALSE;-3976391,52
"134";"MT";"AGÊNCIA DE FOMENTO DO ESTADO DE MATO GROSSO S A - DESENVOLVE - MT";"ATIVA";"FINANCEIRO";"SOCIEDADE DE ECONOMIA MISTA";"Não Dependente";15436586,08;3685237,27;"SIM";"SIM";"NÃO";"243345.23999999999";"Não";83;589963,66;10584908,96;0;0;0;0;0;NA;"Mato Grosso";"Centro-oeste";FALSE;FALSE;0
"135";"MT";"EMPRESA MATO-GROSSENSE DE TECNOLOGIA DA INFORMAÇÃO - MTI";"ATIVA";"INFORMÁTICA E TECNOLOGIA DA INFORMAÇÃO";"EMPRESA PÚBLICA";"Dependente";-4355222,19;-137311,82;"SIM";"SIM";"NÃO";"471647.52000000002";"Não";288;0;98266755,56;0;53883553,28;74492176,37;0;0;"http://www.mti.mt.gov.br/documents/2458894/15282483/Carta+Anual+de+PolIticas+Publicas.pdf/c31629a6-7a59-10a3-2b28-352616ef27ed";"Mato Grosso";"Centro-oeste";FALSE;FALSE;-53883553,28
"136";"MT";"MT PARTICIPAÇÕES E PROJETOS SA - MT PAR";"ATIVA";"OUTROS";"SOCIEDADE DE ECONOMIA MISTA";"Dependente";39856382,57;-161797,84;"SIM";"SIM";"NÃO";"237261.70000000001";"Não";48;692434,36;3773220,36;0;4202115,27;4688395,37;0;0;"https://ba67cd7f-381c-4fd3-988c-90edb11d2dd5.filesusr.com/ugd/04b0f8_41f47f05b0474ee7a33426cf9b396b3d.pdf";"Mato Grosso";"Centro-oeste";FALSE;FALSE;-4202115,27
"137";"MT";"CENTRAL DE ABASTECIMENTO DO ESTADO DE MATO GROSSO - CEASA MT";"ATIVA";"ABASTECIMENTO DE ALIMENTOS E OUTROS INSUMOS";"SOCIEDADE DE ECONOMIA MISTA";"Dependente";-913829,55;0;"SIM";"SIM";"NÃO";"249748.98000000001";"Não";2;0;1143647,07;0;1695196,28;1484631,87;0;0;NA;"Mato Grosso";"Centro-oeste";FALSE;FALSE;-1695196,28
"138";"MT";"EMPRESA MATOGROSSENSE DE PESQUISA. ASSISTÊNCIA E EXTENSÃO RURAL - EMPAER MT";"ATIVA";"PESQUISA E ASSISTÊNCIA TÉCNICA AGROPECUÁRIA";"EMPRESA PÚBLICA";"Dependente";92544051,33;-4278318,93;"SIM";"SIM";"NÃO";"323774.48999999999";"Não";625;26613,24;141747689,07;0;147279704;154677073;0;0;NA;"Mato Grosso";"Centro-oeste";FALSE;FALSE;-147279704
"139";"PA";"CENTRAIS DE ABASTECIMENTO DO PARÁ";"ATIVA";"ABASTECIMENTO DE ALIMENTOS E OUTROS INSUMOS";"SOCIEDADE DE ECONOMIA MISTA";"Dependente";4798400,26;673772,84;"SIM";"SIM";"SIM";"4544141.3700000001";"Não";91;46584,51;4544141,37;0;9578133,45;9249668,55;0;30073,99;NA;"Pará";"Norte";TRUE;FALSE;-9578133,45
"140";"PA";"COMPANHIA DE HABITAÇÃO DO ESTADO DO PARÁ";"ATIVA";"HABITAÇÃO E URBANIZAÇÃO";"SOCIEDADE DE ECONOMIA MISTA";"Dependente";115127063,22;23747969,52;"SIM";"SIM";"NÃO";"23087.389999999999";"Não";158;6099182,91;29836700,48;0;56234838,54;50747245,76;0;0;NA;"Pará";"Norte";FALSE;FALSE;-56234838,54
"141";"PA";"BANCO DO ESTADO DO PARÁ";"ATIVA";"FINANCEIRO";"SOCIEDADE DE ECONOMIA MISTA";"Não Dependente";1484578532,76;241199221,59;"SIM";"SIM";"SIM";"313902.91999999998";"Sim";2414;49809969,6;441075705,82;160783526,17;0;0;0;0;"http://ri.banpara.b.br/conteudo_pt.asp?idioma=0&conta=28&tipo=66861";"Pará";"Norte";TRUE;FALSE;160783526,17
"142";"PA";"COMPANHIA DE SANEAMENTO DO PARÁ";"ATIVA";"SANEAMENTO";"SOCIEDADE DE ECONOMIA MISTA";"Não Dependente";494567674,52;-271413709,93;"SIM";"SIM";"NÃO";"30009.790000000001";"Não";1545;302630694,97;207904372,49;0;0;0;405636903,43;223343621,07;NA;"Pará";"Norte";FALSE;FALSE;-405636903,43
"143";"PA";"EMPRESA DE PROCESSAMENTO DE DADOS";"ATIVA";"INFORMÁTICA E TECNOLOGIA DA INFORMAÇÃO";"EMPRESA PÚBLICA";"Dependente";39193278,52;6557758,87;"SIM";"SIM";"NÃO";"58198.699999999997";"Não";356;6553916,01;55738871,89;0;57490917,96;55167695,02;0;0;NA;"Pará";"Norte";FALSE;FALSE;-57490917,96
"144";"PA";"EMPRESA DE ASSISTÊNCIA TÉCNICA E EXTENSÃO RURAL";"ATIVA";"PESQUISA E ASSISTÊNCIA TÉCNICA AGROPECUÁRIA";"EMPRESA PÚBLICA";"Dependente";-25783998,85;-47612637,27;"SIM";"SIM";"NÃO";"242474.22";"Não";960;0;107904839,09;0;0;0;0;0;NA;"Pará";"Norte";FALSE;FALSE;0
"145";"PA";"COMPANHIA DE DESENVOLVIMENTO ECONÔMICO DO PARÁ";"ATIVA";"DESENVOLVIMENTO REGIONAL";"SOCIEDADE DE ECONOMIA MISTA";"Dependente";57744799,27;2080631,18;"SIM";"SIM";"NÃO";"3649916.29";"Não";42;2463500,48;5179013,16;0;5023115,11;4323168,75;0;0;NA;"Pará";"Norte";FALSE;FALSE;-5023115,11
"146";"PA";"COMPANHIA DE PORTOS E HIDROVIAS DO ESTADO DO PARÁ";"ATIVA";"TRANSPORTE";"EMPRESA PÚBLICA";"Dependente";96328126,36;20548171,61;"SIM";"SIM";"SIM";"258276";"Não";52;27302345,82;3827411,37;0;27115449,95;9275907,51;0;0;NA;"Pará";"Norte";TRUE;FALSE;-27115449,95
"147";"PA";"COMPANHIA DE GÁS DO PARÁ";"ATIVA";"GÁS E DERIVADOS";"SOCIEDADE DE ECONOMIA MISTA";"Não Dependente";490000;-1248;"SIM";"SIM";"NÃO";"29040";"Não";3;0;354161;0;0;0;0;0;"https://www.gasdopara.com.br/transparencia-publica/carta-anual-de-governanca";"Pará";"Norte";FALSE;FALSE;0
"148";"PA";"COMPANHIA ADM. DA ZONA DE PROCESSAMENTO DE EXPORTAÇÃO DE BARCARENA";"ATIVA";"DESENVOLVIMENTO REGIONAL";"SOCIEDADE DE ECONOMIA MISTA";"Não Dependente";24698207,41;-452845,31;"SIM";"SIM";"NÃO";"0";"Não";0;0;0;0;0;0;1010000;3e+05;NA;"Pará";"Norte";FALSE;FALSE;-1010000
"149";"PB";"Companhia Paraibana de Gás";"ATIVA";"GÁS E DERIVADOS";"SOCIEDADE DE ECONOMIA MISTA";"Não Dependente";66781352,66;2004823,64;"SIM";"SIM";"SIM";"220230.72";"Não";67;4065901,54;15782230,31;607825,18;0;0;0;0;"http://www.pbgas.com.br/wp-content/uploads/2011/05/CAPPGC-2019.pdf";"Paraíba";"Nordeste";TRUE;FALSE;607825,18
"150";"PB";"Companhia Docas da Paraíba";"ATIVA";"PORTOS E HIDROVIAS";"SOCIEDADE DE ECONOMIA MISTA";"Não Dependente";52278548,42;1322217,99;"SIM";"SIM";"NÃO";"244317";"Não";42;372817,09;2518605,62;0;0;0;0;0;NA;"Paraíba";"Nordeste";FALSE;FALSE;0
"151";"PB";"Laboratório Industrial Farmacêutico do Estado da Paraíba S/A";"ATIVA";"SAÚDE";"SOCIEDADE DE ECONOMIA MISTA";"Dependente";213870,33;-537558,47;"SIM";"SIM";"NÃO";"62400";"Não";14;0;589851,64;0;782939,49;0;0;0;NA;"Paraíba";"Nordeste";FALSE;FALSE;-782939,49
"152";"PB";"Empresa Paraibana de Turismo S/A";"ATIVA";"TURISMO";"SOCIEDADE DE ECONOMIA MISTA";"Dependente";2203208,14;-193862,74;"SIM";"SIM";"NÃO";"120192";"Não";63;0;1744628,29;0;2215216,66;2593626,3;0;0;NA;"Paraíba";"Nordeste";FALSE;FALSE;-2215216,66
"153";"PB";"Empresa de Assistência Técnica e Extensão Rural da Paraíba";"EM LIQUIDAÇÃO";"PESQUISA E ASSISTÊNCIA TÉCNICA AGROPECUÁRIA";"EMPRESA PÚBLICA";"Dependente";863471,38;-802,43;"SIM";"SIM";"NÃO";"0";"Não";0;0;0;0;0;57256417,68;0;0;"http://empaer.pb.gov.br/pdf/carta-anual-de-politicas-publicas-e-governanca-corporativa-2020.pdf";"Paraíba";"Nordeste";FALSE;FALSE;0
"154";"PB";"Companhia Estadual de Habitação Popular";"ATIVA";"HABITAÇÃO E URBANIZAÇÃO";"SOCIEDADE DE ECONOMIA MISTA";"Dependente";28188218,38;-1730557,42;"SIM";"SIM";"NÃO";"169861";"Não";260;0;11133359,49;0;17604888;17187184;1954213;0;NA;"Paraíba";"Nordeste";FALSE;FALSE;-19559101
"155";"PB";"Companhia de Desenvolvimento da Paraíba";"ATIVA";"DESENVOLVIMENTO REGIONAL";"SOCIEDADE DE ECONOMIA MISTA";"Dependente";14290529,4;1132305,15;"SIM";"SIM";"NÃO";"185716.23999999999";"Não";86;884729,2;3270648,39;0;4394926,43;4760116,39;0;0;NA;"Paraíba";"Nordeste";FALSE;FALSE;-4394926,43
"156";"PB";"Companhia de Água e Esgotos da Paraíba";"ATIVA";"SANEAMENTO";"SOCIEDADE DE ECONOMIA MISTA";"Não Dependente";973407000;7988000;"SIM";"SIM";"SIM";"658057.41000000003";"Não";2865;30184483,38;406892000;0;0;0;3420000;19531000;"http://www.cagepa.pb.gov.br/carta-anual/";"Paraíba";"Nordeste";TRUE;FALSE;-3420000
"157";"PB";"Companhia de Processamento de Dados da Paraíba";"ATIVA";"INFORMÁTICA E TECNOLOGIA DA INFORMAÇÃO";"SOCIEDADE DE ECONOMIA MISTA";"Não Dependente";4693656,9;-5558385,54;"SIM";"SIM";"NÃO";"291166.65000000002";"Não";205;4695978,86;23699391,23;0;0;0;0;0;NA;"Paraíba";"Nordeste";FALSE;FALSE;0
"158";"PB";"PBTUR Hotéis S/A";"ATIVA";"OUTROS";"SOCIEDADE DE ECONOMIA MISTA";"Dependente";10710457,39;-931902,89;"SIM";"SIM";"NÃO";"15974.76";"Não";4;0;79434,48;0;50729,68;96787;0;0;NA;"Paraíba";"Nordeste";FALSE;FALSE;-50729,68
"159";"PB";"Empresa Estadual de Pesquisa Agropecuária";"EM LIQUIDAÇÃO";"PESQUISA E ASSISTÊNCIA TÉCNICA AGROPECUÁRIA";"EMPRESA PÚBLICA";"Dependente";5968979;-753895;"SIM";"SIM";"NÃO";"0";"Não";0;0;0;0;0;5726394;0;0;NA;"Paraíba";"Nordeste";FALSE;FALSE;0
"160";"PB";"Companhia de Desenvolvimento de Recursos Minerais da Paraíba";"EM LIQUIDAÇÃO";"MINERAÇÃO";"SOCIEDADE DE ECONOMIA MISTA";"Dependente";13538490,26;-693896,52;"NÃO";"NÃO";"NÃO";"0";"Não";0;0;0;0;0;0;0;0;NA;"Paraíba";"Nordeste";FALSE;FALSE;0
"161";"PB";"Empresa Paraibana de Comunicação";"ATIVA";"COMUNICAÇÃO";"EMPRESA PÚBLICA";"Dependente";21075268,5;1315665,13;"SIM";"SIM";"NÃO";"166000";"Não";298;282747,6;9729296,19;0;3336570,64;4425576,77;0;0;"https://auniao.pb.gov.br/noticias/caderno_diversidade/CartaAnual2020.pdf";"Paraíba";"Nordeste";FALSE;FALSE;-3336570,64
"162";"PB";"Empresa Paraibana de Pesquisa. Extensão Rural e Regularização Fundiária";"ATIVA";"PESQUISA E ASSISTÊNCIA TÉCNICA AGROPECUÁRIA";"EMPRESA PÚBLICA";"Dependente";1481749,48;1665958,52;"SIM";"SIM";"NÃO";"292024.15000000002";"Não";834;253344,24;87698829,93;0;121560125,27;53694257,2;0;0;NA;"Paraíba";"Nordeste";FALSE;FALSE;-121560125,27
"163";"PB";"Empresa Paraibana de Abastecimento e Serviços Agrícolas";"EM LIQUIDAÇÃO";"ABASTECIMENTO DE ALIMENTOS E OUTROS INSUMOS";"EMPRESA PÚBLICA";"Dependente";-11858124,71;-2182496,25;NA;NA;NA;"0";"Não";0;0;16194425,36;0;0;0;0;0;NA;"Paraíba";"Nordeste";FALSE;FALSE;0
"164";"PE";"PERNAMBUCO PARTICIPAÇÕES e INVESTIMENTOS SA - PERPART";"ATIVA";"OUTROS";"SOCIEDADE DE ECONOMIA MISTA";"Dependente";-296866834,34;13359925,81;"SIM";"SIM";"NÃO";"164583.54000000001";"Não";969;0;73331432,28;0;87813815,56;88205685,49;6594960,28;28516284,51;"https://www.perpart.pe.gov.br/?page_id=2872";"Pernambuco";"Nordeste";FALSE;FALSE;-94408775,84
"165";"PE";"COMPANHIA ESTADUAL DE HABITAÇÃO E OBRAS - CEHAB";"ATIVA";"HABITAÇÃO E URBANIZAÇÃO";"SOCIEDADE DE ECONOMIA MISTA";"Dependente";41817966;-4332875,72;"SIM";"SIM";"NÃO";"112544.92999999999";"Não";0;64200733,67;11421093,87;0;57119174,9;69812588,56;0;0;"http://www.cehab.pe.gov.br/web/cehab/65";"Pernambuco";"Nordeste";FALSE;FALSE;-57119174,9
"166";"PE";"PORTO DO RECIFE S/A";"ATIVA";"PORTOS E HIDROVIAS";"SOCIEDADE DE ECONOMIA MISTA";"Não Dependente";24526750;-7309459,31;"SIM";"SIM";"NÃO";"228489.98000000001";"Não";19;0;11652164,5;0;0;0;13491299,99;6210000;"https://www.portodorecife.pe.gov.br/governanca-corporativa.php";"Pernambuco";"Nordeste";FALSE;FALSE;-13491299,99
"167";"PE";"COMPANHIA PERNAMBUCANA DE SANEAMENTO - COMPESA";"ATIVA";"SANEAMENTO";"SOCIEDADE DE ECONOMIA MISTA";"Não Dependente";6625973331,69;177238965,3;"SIM";"SIM";"SIM";"543225.45999999996";"Sim";3206;611285566;479675112,58;41426906,78;0;0;281033687,71;71691803,33;"https://servicos.compesa.com.br/governanca/";"Pernambuco";"Nordeste";TRUE;FALSE;-239606780,93
"168";"PE";"CONSORCIO DE TRANSPORTES DA REGIAO METROPOLITANA DO RECIFE";"ATIVA";"TRANSPORTE";"EMPRESA PÚBLICA";"Dependente";-171112692;-2216333,97;"NÃO";"SIM";"NÃO";"258296.06";"Não";258;78152;66425591;0;186430862;201990551,07;0;0;"https://www.granderecife.pe.gov.br/sitegrctm/transparencia/governanca-corporativa/lei-das-estatais-13-303-16/";"Pernambuco";"Nordeste";FALSE;FALSE;-186430862
"169";"PE";"AGENCIA DE DESENVOLVIMENTO ECONOMICO DE PERNAMBUCO SA - ADDIPER";"ATIVA";"DESENVOLVIMENTO REGIONAL";"SOCIEDADE DE ECONOMIA MISTA";"Não Dependente";171364966,98;-2751663;"SIM";"SIM";"NÃO";"132561.66";"Não";45;8553244,69;25704085,21;6400000;0;0;0;0;"https://www.addiper.pe.gov.br/index.php/cartas-anuais/";"Pernambuco";"Nordeste";FALSE;FALSE;6400000
"170";"PE";"LABORATÓRIO FARMACÊUTICO DO ESTADO DE PE GOV MIGUEL ARRAES S/A - LAFEPE";"ATIVA";"SAÚDE";"SOCIEDADE DE ECONOMIA MISTA";"Não Dependente";176205913,5;30215455;"SIM";"SIM";"NÃO";"276760.03000000003";"Sim";440;2135376;42919092;33732029;0;0;0;0;"https://www.lafepe.pe.gov.br/governanca";"Pernambuco";"Nordeste";FALSE;FALSE;33732029
"171";"PE";"INSTITUTO AGRONÔMICO DE PERNAMBUCO -IPA";"ATIVA";"PESQUISA E ASSISTÊNCIA TÉCNICA AGROPECUÁRIA";"EMPRESA PÚBLICA";"Dependente";34816001;-1141215,85;"SIM";"SIM";"NÃO";"179100.98999999999";"Não";853;6489999,44;60425540,86;0;95257616,53;92391578,22;0;0;"http://www.ipa.br/novo/pdf/transparencia/carta-anual-compromisso-02-rev.pdf";"Pernambuco";"Nordeste";FALSE;FALSE;-95257616,53
"172";"PE";"COMPANHIA EDITORA DE PERNAMBUCO - CEPE";"ATIVA";"COMUNICAÇÃO";"SOCIEDADE DE ECONOMIA MISTA";"Não Dependente";59849249;-15415774,89;"SIM";"SIM";"NÃO";"199060.41";"Não";142;120252,98;12942336;0;0;0;0;0;"https://www.cepe.com.br/governanca-corporativa";"Pernambuco";"Nordeste";FALSE;FALSE;0
"173";"PE";"EMPRESA DE TURISMO DE PERNAMBUCO GOVERNADOR EDUARDO CAMPOS - EMPETUR";"ATIVA";"TURISMO";"SOCIEDADE DE ECONOMIA MISTA";"Dependente";194778842,19;-11333581,26;"SIM";"SIM";"NÃO";"353753.40000000002";"Não";140;44570,68;26339701,03;0;82461364,96;73189284,52;0;0;"http://www.empetur.pe.gov.br/web/setur/lei-das-estatais";"Pernambuco";"Nordeste";FALSE;FALSE;-82461364,96
"174";"PE";"SUAPE - COMPLEXO INDUSTRIAL PORTUARIO GOVERNADOR ERALDO GUEIROS";"ATIVA";"PORTOS E HIDROVIAS";"EMPRESA PÚBLICA";"Não Dependente";3170923055,61;56953754,39;"SIM";"SIM";"SIM";"475644.77000000002";"Sim";125;20497343,85;46169222,3;0;0;0;2324673,42;721350;"http://www.suape.pe.gov.br/pt/transparencia/governanca-corporativa/carta-anual-de-politicas-publicas-e-de-governanca-corporativa";"Pernambuco";"Nordeste";TRUE;FALSE;-2324673,42
"175";"PE";"AGENCIA DE FOMENTO DO ESTADO DE PERNAMBUCO SA - AGE";"ATIVA";"FINANCEIRO";"SOCIEDADE DE ECONOMIA MISTA";"Não Dependente";52727338,75;-953992,64;"SIM";"SIM";"NÃO";"197600";"Não";47;0;5089971,49;0;0;0;6400000;0;"http://www.age.pe.gov.br/governancacorporativa";"Pernambuco";"Nordeste";FALSE;FALSE;-6400000
"176";"PE";"EMPRESA PERNAMBUCANA DE TRANSPORTE COLETIVO INTERMUNICIPAL - EPTI";"ATIVA";"TRANSPORTE";"EMPRESA PÚBLICA";"Dependente";3483118,82;971088,01;"SIM";"SIM";"NÃO";"132888.23000000001";"Não";0;46841,6;2698733,03;0;2435520,02;2016457,39;0;0;"https://www.epti.pe.gov.br/carta-anual-de-politicas-publicas-e-governanca-corporativa/";"Pernambuco";"Nordeste";FALSE;FALSE;-2435520,02
"177";"PE";"EMPRESA PERNAMBUCO DE COMUNICAÇÃO SA ¿ EPC";"ATIVA";"COMUNICAÇÃO";"EMPRESA PÚBLICA";"Dependente";6406181;-847134;"SIM";"SIM";"NÃO";"103652.89999999999";"Não";0;1030;1775872;0;2675381;5512155;0;0;"https://portalepc.com.br/documentos/";"Pernambuco";"Nordeste";FALSE;FALSE;-2675381
"178";"PE";"COMPANHIA PERNAMBUCANA DE GÁS - COPERGÁS";"ATIVA";"GÁS E DERIVADOS";"SOCIEDADE DE ECONOMIA MISTA";"Não Dependente";303954822,41;75825977,86;"SIM";"SIM";"SIM";"307615.90999999997";"Sim";160;56039104,34;35613267,69;24822928,4;0;0;0;0;"https://www.copergas.com.br/portais/portal-da-governanca/carta-anual-de-politicas-publicas-e-governanca-corporativa/";"Pernambuco";"Nordeste";TRUE;FALSE;24822928,4
"179";"PI";"COMPANHIA DE GÁS DO PIAUI - GASPISA";"ATIVA";"GÁS E DERIVADOS";"SOCIEDADE DE ECONOMIA MISTA";"Dependente";59147,73;753860,44;"SIM";"SIM";"NÃO";"6000";"Não";0;3648;458588,14;0;0;0;191250;191250;NA;"Piauí";"Nordeste";FALSE;FALSE;-191250
"180";"PI";"EMPRESA DE GESTÃO DE RECURSOS DO ESTADO DO PIAUÍ S.A - EMGERPI";"ATIVA";"OUTROS";"SOCIEDADE DE ECONOMIA MISTA";"Dependente";42934955,33;-7671300,44;"SIM";"SIM";"NÃO";"454798.41999999998";"Não";647;0;80632516,94;0;95932389,64;82604504;11397696;27450819;NA;"Piauí";"Nordeste";FALSE;FALSE;-107330085,64
"181";"PI";"AGUAS E ESGOTOS DO PIAUI SA";"ATIVA";"SANEAMENTO";"SOCIEDADE DE ECONOMIA MISTA";"Não Dependente";-954703436,43;-140694965,1;"SIM";"SIM";"SIM";"606618.83999999997";"Não";1045;17993666;233779073,05;0;0;0;48535725,11;91934459,35;NA;"Piauí";"Nordeste";TRUE;FALSE;-48535725,11
"182";"PI";"Agência de Fomento e Desenvolvimento do Estado do Piauí S.A-PIAUÍ FOMENTO";"ATIVA";"FINANCEIRO";"SOCIEDADE DE ECONOMIA MISTA";"Não Dependente";17670066,29;-1594338,21;"SIM";"SIM";"SIM";"156000";"Não";16;15469917,15;2100473,07;0;0;0;1e+07;0;"www.fomento.pi.gov.br/cartaanual/";"Piauí";"Nordeste";TRUE;FALSE;-1e+07
"183";"PI";"COMPANHIA ADMINISTRADORA DA ZONA DE PROCESSAMENTO DE EXPORTACAO DE PARNAIBA-PI S/A";"ATIVA";"DESENVOLVIMENTO REGIONAL";"SOCIEDADE DE ECONOMIA MISTA";"Dependente";124197,61;3156266,95;"SIM";"SIM";"SIM";"9800";"Não";25;3059763,76;3060084,45;0;0;0;4161529,72;3093241,72;NA;"Piauí";"Nordeste";TRUE;FALSE;-4161529,72
"184";"PI";"COMPANHIA DE TERMINAIS ALFANDEGADOS DO PIAUÍ";"ATIVA";"OUTROS";"SOCIEDADE DE ECONOMIA MISTA";"Não Dependente";1959243,6;-993962,55;"SIM";"SIM";"NÃO";"108000";"Não";10;0;636258,88;0;0;0;0;0;NA;"Piauí";"Nordeste";FALSE;FALSE;0
"185";"PI";"COMPANHIA METROPOLITANA DE TRANSPORTE PÚBLICO";"ATIVA";"TRANSPORTE";"SOCIEDADE DE ECONOMIA MISTA";"Dependente";20800000;160000;"SIM";"SIM";"NÃO";"159120";"Não";71;660000;3600000;0;6100000;4300000;0;0;NA;"Piauí";"Nordeste";FALSE;FALSE;-6100000
"186";"PR";"Fomento Paraná";"ATIVA";"FINANCEIRO";"SOCIEDADE DE ECONOMIA MISTA";"Não Dependente";1848481107,75;54202823,54;"SIM";"SIM";"SIM";"495090.56";"Não";189;218858,94;35016695,23;3053136,42;0;0;80330000;70330000;NA;"Paraná";"Sul";TRUE;FALSE;-77276863,58
"187";"PR";"Centrais de Abastecimento do Paraná S.A";"ATIVA";"ABASTECIMENTO DE ALIMENTOS E OUTROS INSUMOS";"SOCIEDADE DE ECONOMIA MISTA";"Não Dependente";130890353,21;3454141,67;"SIM";"SIM";"NÃO";"21453.959999999999";"Não";56;4805032,87;24207392,51;1183549,66;0;0;250000;0;NA;"Paraná";"Sul";FALSE;FALSE;933549,66
"188";"PR";"Companhia Paranaense de Energia";"ATIVA";"ENERGIA";"SOCIEDADE DE ECONOMIA MISTA";"Não Dependente";20250520955,72;3909755625,93;"SIM";"SIM";"SIM";"492796";"Sim";148;9812458,64;1830529913,27;190663696,46;0;0;0;0;NA;"Paraná";"Sul";TRUE;FALSE;190663696,46
"189";"PR";"Companhia de Saneamento do Paraná";"ATIVA";"SANEAMENTO";"SOCIEDADE DE ECONOMIA MISTA";"Não Dependente";6943162607,14;996342896,1;"SIM";"SIM";"SIM";"303260.15000000002";"Sim";6382;968930787,7;1212195964,73;62055068,74;0;0;0;0;NA;"Paraná";"Sul";TRUE;FALSE;62055068,74
"190";"PR";"Companhia de Desenvolvimento Agropecuário do Paraná - CODAPAR";"ATIVA";"ABASTECIMENTO DE ALIMENTOS E OUTROS INSUMOS";"SOCIEDADE DE ECONOMIA MISTA";"Dependente";8877639,48;8524871,33;"NÃO";"SIM";"NÃO";"21110.119999999999";"Não";1;0;4494201;0;0;0;0;0;NA;"Paraná";"Sul";FALSE;FALSE;0
"191";"PR";"Companhia de Tecnologia da Informação e da Comunicação do Paraná";"ATIVA";"INFORMÁTICA E TECNOLOGIA DA INFORMAÇÃO";"SOCIEDADE DE ECONOMIA MISTA";"Não Dependente";143898970;19540740;"SIM";"SIM";"SIM";"324084.47999999998";"Não";1083;1546893,67;170786061;627320,56;0;0;0;0;NA;"Paraná";"Sul";TRUE;FALSE;627320,56
"192";"PR";"Companhia de Habitação do Paraná";"ATIVA";"HABITAÇÃO E URBANIZAÇÃO";"SOCIEDADE DE ECONOMIA MISTA";"Dependente";1254589671,38;-32269409,29;"SIM";"SIM";"NÃO";"523528.57000000001";"Não";368;47550080,53;74450271,33;0;69451857,41;58521443,15;73574423,9;31602035,85;NA;"Paraná";"Sul";FALSE;FALSE;-143026281,31
"193";"PR";"Instituto de Tecnologia do Paraná";"ATIVA";"OUTROS";"EMPRESA PÚBLICA";"Não Dependente";40354456,72;-72652580,48;"SIM";"SIM";"SIM";"319280.28000000003";"Não";326;592290,74;37596607,37;0;43863541,08;0;0;0;NA;"Paraná";"Sul";TRUE;FALSE;-43863541,08
"194";"PR";"Administração dos Portos de Paranaguá e Antonina";"ATIVA";"PORTOS E HIDROVIAS";"EMPRESA PÚBLICA";"Não Dependente";504132508,16;6700803,9;"SIM";"SIM";"SIM";"449820.20000000001";"Não";514;149162579,42;99135628,87;0;0;0;0;0;NA;"Paraná";"Sul";TRUE;FALSE;0
"195";"PR";"Estrada de Ferro Paraná Oeste S/A";"ATIVA";"TRANSPORTE";"SOCIEDADE DE ECONOMIA MISTA";"Não Dependente";270320976,73;-3864658,67;"SIM";"SIM";"NÃO";"124927.3";"Não";134;0;12340684,52;0;0;0;0;5e+06;NA;"Paraná";"Sul";FALSE;FALSE;0
"196";"RJ";"COMPANHIA FLUMINENSE DE TRENS URBANOS - FLUMITRENS ""Em Liquidação""";"EM LIQUIDAÇÃO";"TRANSPORTE";"SOCIEDADE DE ECONOMIA MISTA";"Dependente";-879385620,99;-679123227,14;"NÃO";"NÃO";"NÃO";"0";"Não";0;0;450048,16;0;2755821,72;2678079,21;0;0;NA;"Rio de Janeiro";"Sudeste";FALSE;FALSE;-2755821,72
"197";"RJ";"Companhia Estadual de Engenharia de Transportes e Logística - CENTRAL";"ATIVA";"TRANSPORTE";"EMPRESA PÚBLICA";"Dependente";1041009740,88;249610152,25;"SIM";"SIM";"SIM";"69914.720000000001";"Não";570;403414,48;45577507,4;0;53782836,22;67292889,67;0;0;NA;"Rio de Janeiro";"Sudeste";TRUE;FALSE;-53782836,22
"198";"RJ";"Companhia de Transportes Sobre Trilhos Estado RJ - RIOTRILHOS";"ATIVA";"TRANSPORTE";"EMPRESA PÚBLICA";"Dependente";588273458,51;-115388061,96;"SIM";"SIM";"SIM";"259094.22";"Não";364;0;36168428,11;0;64520778,84;61648991,59;0;0;NA;"Rio de Janeiro";"Sudeste";TRUE;FALSE;-64520778,84
"199";"RJ";"AGÊNCIA DE FOMENTO DO ESTADO DO RJ";"ATIVA";"FINANCEIRO";"SOCIEDADE DE ECONOMIA MISTA";"Dependente";-478554562,05;-3442379,88;"SIM";"SIM";"SIM";"256751.51999999999";"Sim";128;348313,17;29101544,81;0;0;0;10555467,85;0;NA;"Rio de Janeiro";"Sudeste";TRUE;FALSE;-10555467,85
"200";"RJ";"COMPANHIA FLUMINENSE DE SECURUTIZAÇÃO S/A - CFSEC ""Em Liquidação""";"EM LIQUIDAÇÃO";"FINANCEIRO";"EMPRESA PÚBLICA";"Não Dependente";-170314,97;-2094;"NÃO";"NÃO";"NÃO";"0";"Não";0;0;0;0;0;0;0;0;NA;"Rio de Janeiro";"Sudeste";FALSE;FALSE;0
"201";"RJ";"IMPRENSA OFICIAL D ESTADO DO RIO DE JANEIRO";"ATIVA";"COMUNICAÇÃO";"EMPRESA PÚBLICA";"Não Dependente";130639581,13;5974417,36;"SIM";"SIM";"NÃO";"179061.72";"Não";234;0;20078718,99;0;0;0;0;0;NA;"Rio de Janeiro";"Sudeste";FALSE;FALSE;0
"202";"RJ";"Empresa de Assistência Técnica e Extensão Rural do Etado do Rio de Janeiro - EMATER-RIO";"ATIVA";"PESQUISA E ASSISTÊNCIA TÉCNICA AGROPECUÁRIA";"EMPRESA PÚBLICA";"Dependente";78832,11;-18162,58;"SIM";"SIM";"SIM";"298413.56";"Não";588;0;79608604,31;0;93666210,78;87111831,6;0;0;NA;"Rio de Janeiro";"Sudeste";TRUE;FALSE;-93666210,78
"203";"RJ";"INSTITUTO VITAL BRAZIL S.A";"ATIVA";"SAÚDE";"SOCIEDADE DE ECONOMIA MISTA";"Dependente";21972512,05;8545542,56;"SIM";"SIM";"SIM";"7486460.7199999997";"Não";124;288889,02;27001072,61;0;48882025,01;48445637,06;0;0;NA;"Rio de Janeiro";"Sudeste";TRUE;FALSE;-48882025,01
"204";"RJ";"CENTRAIS ELETRICAS FLUMINENSES S/A - CELF ""Em liquidação""";"EM LIQUIDAÇÃO";"ENERGIA";"SOCIEDADE DE ECONOMIA MISTA";"Não Dependente";82,93;0;"NÃO";"NÃO";"NÃO";"0";"Não";0;0;0;0;610;0;0;0;NA;"Rio de Janeiro";"Sudeste";FALSE;FALSE;-610
"205";"RJ";"Companhia de Turismo do Estado do Rio de Janeiro - TurisRio";"ATIVA";"TURISMO";"EMPRESA PÚBLICA";"Dependente";-386049,28;67209,19;"SIM";"SIM";"NÃO";"112710.53";"Não";66;0;6199234,36;0;11481895,99;7764834,8;3710,14;156321,52;NA;"Rio de Janeiro";"Sudeste";FALSE;FALSE;-11485606,13
"206";"RJ";"Distribuidora de Titulos e Valores Mobliarios do Estado do Rio de Janeiro S/A - DIVERJ ""Em Liquidação""";"EM LIQUIDAÇÃO";"FINANCEIRO";"SOCIEDADE DE ECONOMIA MISTA";"Não Dependente";682620,09;3717,28;"NÃO";"NÃO";"NÃO";"0";"Não";0;0;139971,27;0;0;0;0;0;NA;"Rio de Janeiro";"Sudeste";FALSE;FALSE;0
"207";"RJ";"COMPANHIA DESENVOLVIMENTO INDUSTRIAL DO RJ";"ATIVA";"DESENVOLVIMENTO REGIONAL";"SOCIEDADE DE ECONOMIA MISTA";"Dependente";45793804,3;1392917,71;"SIM";"SIM";"NÃO";"245526.70999999999";"Não";76;2550;10272426,54;0;9543628,7;8165486,45;0;0;NA;"Rio de Janeiro";"Sudeste";FALSE;FALSE;-9543628,7
"208";"RJ";"BANCO DE DESENVOLVIMENTO DO ESTADO DO RJ S.A - BDRIO ""Em Liquidação""";"EM LIQUIDAÇÃO";"FINANCEIRO";"SOCIEDADE DE ECONOMIA MISTA";"Não Dependente";2102686,64;-612538,55;"NÃO";"NÃO";"NÃO";"80511.809999999998";"Não";2;0;132080,17;0;0;0;0;0;NA;"Rio de Janeiro";"Sudeste";FALSE;FALSE;0
"209";"RJ";"Companhia de Transportes Coletivos do Estado do Rio de Janeiro ""Em Liquidação""";"EM LIQUIDAÇÃO";"TRANSPORTE";"SOCIEDADE DE ECONOMIA MISTA";"Dependente";-5019400,47;-75045361,26;"NÃO";"NÃO";"NÃO";"100559.14";"Não";4;0;388924,13;0;463245,12;600073,66;0;0;NA;"Rio de Janeiro";"Sudeste";FALSE;FALSE;-463245,12
"210";"RJ";"COMPANHIA DE ARMAZÉNS E SILOS DO ESTADO DO RJ";"ATIVA";"ABASTECIMENTO DE ALIMENTOS E OUTROS INSUMOS";"EMPRESA PÚBLICA";"Dependente";862160,78;610671,2;"SIM";"SIM";"NÃO";"12147.959999999999";"Não";53;0;3217269,96;0;0;0;0;0;NA;"Rio de Janeiro";"Sudeste";FALSE;FALSE;0
"211";"RJ";"Companhia Estadual de Águas e Esgotos - CEDAE";"ATIVA";"SANEAMENTO";"SOCIEDADE DE ECONOMIA MISTA";"Não Dependente";7089254000;-2471500;"SIM";"SIM";"SIM";"1097546.5800000001";"Sim";5081;82178000;1267681000;11711800;0;0;0;0;NA;"Rio de Janeiro";"Sudeste";TRUE;FALSE;11711800
"212";"RJ";"COMPANHIA ESTADUAL DE HABITACAO DO RJ CEHAB RJ";"ATIVA";"HABITAÇÃO E URBANIZAÇÃO";"SOCIEDADE DE ECONOMIA MISTA";"Dependente";94327687,52;-102583,29;"SIM";"SIM";"NÃO";"245401.07000000001";"Não";356;51629268,07;39855239,41;0;109283877,1;87035053,97;0;228066288,04;NA;"Rio de Janeiro";"Sudeste";FALSE;FALSE;-109283877,1
"213";"RJ";"COMPANHIA DO METROPOLITANO DO RIO DE JANEIRO - METRÔ ""Em Liquidação""";"EM LIQUIDAÇÃO";"TRANSPORTE";"SOCIEDADE DE ECONOMIA MISTA";"Dependente";-506141292,33;-4520622320,95;"NÃO";"NÃO";"NÃO";"0";"Não";0;0;36369,46;0;48933,04;50350,56;0;0;NA;"Rio de Janeiro";"Sudeste";FALSE;FALSE;-48933,04
"214";"RJ";"CEASA-RJ";"ATIVA";"ABASTECIMENTO DE ALIMENTOS E OUTROS INSUMOS";"SOCIEDADE DE ECONOMIA MISTA";"Dependente";34834198,4;-1228656,3;"SIM";"SIM";"NÃO";"10565.540000000001";"Não";250;4382644,93;22516224,56;0;0;0;0;0;NA;"Rio de Janeiro";"Sudeste";FALSE;FALSE;0
"215";"RJ";"Empresa de Obras Públicas do Estado do Rio de Janeiro - EMOP";"ATIVA";"HABITAÇÃO E URBANIZAÇÃO";"EMPRESA PÚBLICA";"Dependente";-282961269,66;-256452,45;"SIM";"SIM";"NÃO";"380224.53000000003";"Não";447;0;42630626,93;0;0;0;0;0;NA;"Rio de Janeiro";"Sudeste";FALSE;FALSE;0
"216";"RJ";"Companhia de Desenvolvimento Rodoviário e Terminais RJ - CODERTE";"ATIVA";"TRANSPORTE";"SOCIEDADE DE ECONOMIA MISTA";"Não Dependente";12873944,83;-3532220,46;"SIM";"SIM";"NÃO";"127527.7";"Não";144;0;5693843,03;0;0;0;0;0;NA;"Rio de Janeiro";"Sudeste";FALSE;FALSE;0
"217";"RJ";"EMPRESA DE PESQUISA AGROPECUARIA DO ESTADO DO RJ - PESAGRO";"ATIVA";"PESQUISA E ASSISTÊNCIA TÉCNICA AGROPECUÁRIA";"EMPRESA PÚBLICA";"Dependente";-10927083,36;-3795358,47;"SIM";"SIM";"SIM";"252227.04000000001";"Não";256;1350250,4;27757575,38;0;33908942,35;36642948,93;0;0;NA;"Rio de Janeiro";"Sudeste";TRUE;FALSE;-33908942,35
"218";"RN";"AGÊNCIA DE FOMENTO DO RN SA";"ATIVA";"FINANCEIRO";"SOCIEDADE DE ECONOMIA MISTA";"Não Dependente";51441619,58;950759,53;"SIM";"SIM";"NÃO";"78144.490000000005";"Não";47;143300;7744917,99;968470;0;0;0;0;"http://www.agn.rn.gov.br/Conteudo.asp?TRAN=ITEM&TARG=182444&ACT=&PAGE=0&PARM=&LBL=AGN%2FRN";"Rio Grande do Norte";"Nordeste";FALSE;FALSE;968470
"219";"RN";"CENTRAIS DE ABASTECIMENTO DO RIO GRANDE DO NORTE S/A";"ATIVA";"ABASTECIMENTO DE ALIMENTOS E OUTROS INSUMOS";"SOCIEDADE DE ECONOMIA MISTA";"Dependente";1438950;632794;"SIM";"SIM";"NÃO";"93836.039999999994";"Não";108;2976266;8881141;0;7078128;7226207;0;0;"http://adcon.rn.gov.br/ACERVO/ceasa/DOC/DOC000000000244794.PDF";"Rio Grande do Norte";"Nordeste";FALSE;FALSE;-7078128
"220";"RN";"COMPANHIA DE PROCESSAMENTO DE DADOS DO RN - DATANORTE";"ATIVA";"HABITAÇÃO E URBANIZAÇÃO";"SOCIEDADE DE ECONOMIA MISTA";"Dependente";-71885776;-11261948;"SIM";"SIM";"NÃO";"173889.04000000001";"Não";136;377750,04;51726439;0;2863552;2820494;0;0;NA;"Rio Grande do Norte";"Nordeste";FALSE;FALSE;-2863552
"221";"RN";"COMPANHIA DE AGUAS E ESGOTOS DO RIO GRANDE DO NORTE - CAERN";"ATIVA";"SANEAMENTO";"SOCIEDADE DE ECONOMIA MISTA";"Não Dependente";2311851990,3;22297504,42;"SIM";"SIM";"SIM";"479045.09999999998";"Sim";2128;131697024,92;235430578,45;21406193,26;0;0;0;542674809,46;"https://arquivos-transparencia.caern.com.br/index.php/s/0cccxFdPVqwe7hT";"Rio Grande do Norte";"Nordeste";TRUE;FALSE;21406193,26
"222";"RN";"EMPRESA DE PESQUISA AGROPECUÁRIA DO RIO GRANDE DO NORTE - EMPARN";"ATIVA";"PESQUISA E ASSISTÊNCIA TÉCNICA AGROPECUÁRIA";"EMPRESA PÚBLICA";"Dependente";1284954,24;-1999241,48;"SIM";"SIM";"NÃO";"263666.64000000001";"Não";90;62290,41;14636812,58;0;20398700,02;14492049,07;0;0;NA;"Rio Grande do Norte";"Nordeste";FALSE;FALSE;-20398700,02
"223";"RN";"CEHAB - COMPANHIA ESTADUAL DE HABITACAO E DESENVOLVIMENTO URBANO";"ATIVA";"HABITAÇÃO E URBANIZAÇÃO";"SOCIEDADE DE ECONOMIA MISTA";"Dependente";14901976;1031133;"SIM";"SIM";"NÃO";"99139.690000000002";"Não";28;607463,23;1864117;0;0;0;0;0;NA;"Rio Grande do Norte";"Nordeste";FALSE;FALSE;0
"224";"RN";"EMPRESA POTIGUAR DE PROMOCAO TURISTICA S/A - EMPROTUR";"ATIVA";"TURISMO";"SOCIEDADE DE ECONOMIA MISTA";"Dependente";-2342498,16;-632665,52;"SIM";"SIM";"NÃO";"96970.820000000007";"Não";37;0;3853175,38;0;5975514,32;4693958,81;0;0;NA;"Rio Grande do Norte";"Nordeste";FALSE;FALSE;-5975514,32
"225";"RN";"EMPRESA GESTORA DE ATIVOS DO RN - EMGERN";"ATIVA";"GESTÃO DE ATIVOS";"EMPRESA PÚBLICA";"Não Dependente";79185,78;0;"SIM";"SIM";"NÃO";"165417.64999999999";"Não";22;0;2254009,5;0;0;0;0;0;NA;"Rio Grande do Norte";"Nordeste";FALSE;FALSE;0
"226";"RN";"COMPANHIA POTIGUAR DE GÁS";"ATIVA";"GÁS E DERIVADOS";"SOCIEDADE DE ECONOMIA MISTA";"Não Dependente";73073281,89;10293586,35;"SIM";"SIM";"SIM";"351054.10999999999";"Sim";59;5863182,88;12227425,33;1843952,47;0;0;0;0;"https://www.potigas.com.br/public/docs/carta-anual-politica-publica-2020.pdf";"Rio Grande do Norte";"Nordeste";TRUE;FALSE;1843952,47
"227";"RO";"SOCIEDADE DE PORTOS E HIDROVIAS DO ESTADO DE RONDÔNIA";"ATIVA";"PORTOS E HIDROVIAS";"EMPRESA PÚBLICA";"Não Dependente";1002173,33;-1837826,67;"SIM";"SIM";"NÃO";"317489.25";"Não";80;0;9185190,21;0;0;0;0;0;"http://www.rondonia.ro.gov.br/soph/sobre/auditoria-inspecoes-e-prestacoes-de-contas/3-prestacao-de-contas/";"Rondônia";"Norte";FALSE;FALSE;0
"228";"RO";"COMPANHIA RONDONIENSE DE GÁS - RONGÁS";"ATIVA";"GÁS E DERIVADOS";"SOCIEDADE DE ECONOMIA MISTA";"Não Dependente";1379959,03;-533598,55;"SIM";"SIM";"NÃO";"122709.67999999999";"Não";1;0;426163,04;0;0;0;85000;85000;NA;"Rondônia";"Norte";FALSE;FALSE;-85000
"229";"RO";"COMPANHIA DE MINERAÇÃO DE RONDÔNIA";"ATIVA";"MINERAÇÃO";"EMPRESA PÚBLICA";"Não Dependente";1844335393,61;634741,94;"SIM";"SIM";"NÃO";"192000";"Não";20;0;2700834,28;0;0;0;0;0;"https://transparencia.ro.gov.br/?pEncPastaId=abIK_SBgUC6-OpArkckapLFnVvocJ-KpJs4ZPp4BOla7pig9g9PTI73SQUWUqLbkwFgmIQ67vhI-VlyjmfJT-yBTaER-EJUawIVB0Wv06Q03QU4L#!";"Rondônia";"Norte";FALSE;FALSE;0
"230";"RO";"BANCO DO ESTADO DE RONDÔNIA S/A";"EM LIQUIDAÇÃO";"FINANCEIRO";"SOCIEDADE DE ECONOMIA MISTA";"Não Dependente";0;0;"NÃO";"NÃO";"NÃO";"0";"Não";0;0;0;0;0;0;0;0;NA;"Rondônia";"Norte";FALSE;FALSE;0
"231";"RO";"COMPANHIA DE DESENVOLVIMENTO URBANO E RURAL DE RONDÔNIA";"EM LIQUIDAÇÃO";"HABITAÇÃO E URBANIZAÇÃO";"SOCIEDADE DE ECONOMIA MISTA";"Não Dependente";0;0;"NÃO";"NÃO";"NÃO";"0";"Não";0;0;0;0;0;0;0;0;NA;"Rondônia";"Norte";FALSE;FALSE;0
"232";"RO";"RONDONIA CREDITO IMOBILIARIO SA.";"EM LIQUIDAÇÃO";"HABITAÇÃO E URBANIZAÇÃO";"SOCIEDADE DE ECONOMIA MISTA";"Não Dependente";0;0;"NÃO";"NÃO";"NÃO";"0";"Não";0;0;0;0;0;0;0;0;NA;"Rondônia";"Norte";FALSE;FALSE;0
"233";"RO";"COMPANHIA DE ÁGUA E ESGOTO DE RONDÔNIA";"ATIVA";"SANEAMENTO";"SOCIEDADE DE ECONOMIA MISTA";"Não Dependente";162631833;-43130969;"SIM";"SIM";"NÃO";"391382.58000000002";"Não";688;5527597;92900346;0;5326992;334078;0;0;"https://transparencia.ro.gov.br/Arquivo/VisualizarArquivo?pEncArquivoId=NgsAOVsVepr8I0plhYaFdE2fqrv2eDKI4DMQvWrQyeGnQDzkVuF-_WaV8GYyFZpvinCKrR3xXJ1zGpotIbSemwJI2VpPMlKNYlfBe3MQRUc3QU4L";"Rondônia";"Norte";FALSE;FALSE;-5326992
"234";"RO";"COMPANHIA DE PROCESSAMENTO DE DADOS DO ESTADO DE RO";"EM LIQUIDAÇÃO";"INFORMÁTICA E TECNOLOGIA DA INFORMAÇÃO";"SOCIEDADE DE ECONOMIA MISTA";"Não Dependente";0;0;"NÃO";"NÃO";"NÃO";"0";"Não";0;0;0;0;0;0;0;0;NA;"Rondônia";"Norte";FALSE;FALSE;0
"235";"RR";"Agência de Formento do Estado de Roraima - AFERR";"ATIVA";"DESENVOLVIMENTO REGIONAL";"EMPRESA PÚBLICA";"Dependente";6492428,03;-626883;"SIM";"SIM";"NÃO";"417150";"Não";32;15068,94;4411000;0;4853455,53;5144983,56;0;0;NA;"Roraima";"Norte";FALSE;FALSE;-4853455,53
"236";"RR";"Companhia Energetica de Roraima - CER";"ATIVA";"ENERGIA";"SOCIEDADE DE ECONOMIA MISTA";"Dependente";44129294,74;-290332023,3;"SIM";"SIM";"SIM";"254925";"Não";211;16109,66;35358277,79;0;31084715,96;31860362,07;0;0;NA;"Roraima";"Norte";TRUE;FALSE;-31084715,96
"237";"RR";"Companhia de Águas e Esgostos de Roraima - CAER";"ATIVA";"SANEAMENTO";"SOCIEDADE DE ECONOMIA MISTA";"Não Dependente";-495840902,55;-102406219,39;"SIM";"SIM";"NÃO";"367856.20000000001";"Não";795;3283814;60044294,54;0;0;0;0;0;NA;"Roraima";"Norte";FALSE;FALSE;0
"238";"RR";"Companhia de Desenvolvimento de Roraima - CODESAIMA";"ATIVA";"ABASTECIMENTO DE ALIMENTOS E OUTROS INSUMOS";"SOCIEDADE DE ECONOMIA MISTA";"Dependente";114350527,95;-1610355,79;"SIM";"SIM";"NÃO";"301275";"Não";258;0;15618855,98;0;17160911,34;18853987,68;0;0;NA;"Roraima";"Norte";FALSE;FALSE;-17160911,34
"239";"RR";"Empresa Radio e Televisao Difusora de Roraima - Radioraima";"ATIVA";"COMUNICAÇÃO";"EMPRESA PÚBLICA";"Dependente";-2382504,56;-500533,4;"SIM";"NÃO";"SIM";"97500";"Não";55;38502;4236131,13;0;4514009,96;5884312,11;0;0;NA;"Roraima";"Norte";FALSE;FALSE;-4514009,96
"240";"RS";"Caixa de Administração da Dívida Pública Estadual - CADIP";"ATIVA";"FINANCEIRO";"SOCIEDADE DE ECONOMIA MISTA";"Não Dependente";221328000;-158000;"SIM";"SIM";"NÃO";"0";"Não";0;0;0;0;0;0;0;0;"http://www.cadip.rs.gov.br/conteudo/1337/2020";"Rio Grande do Sul";"Sul";FALSE;FALSE;0
"241";"RS";"BADESUL Desenvolvimento SA - Agência de Fomento/RS";"ATIVA";"FINANCEIRO";"SOCIEDADE DE ECONOMIA MISTA";"Não Dependente";743032000;13091000;"SIM";"SIM";"SIM";"423581.64000000001";"Sim";120;0;32730000;0;0;0;0;0;"https://www.badesul.com.br/transparencia#11";"Rio Grande do Sul";"Sul";TRUE;FALSE;0
"242";"RS";"Companhia Estadual de Energia Elétrica Participações - CEEE-PAR";"ATIVA";"ENERGIA";"SOCIEDADE DE ECONOMIA MISTA";"Não Dependente";-1082055000;-693151000;"SIM";"SIM";"SIM";"nan";"nan";NA;0;854269000;0;0;0;0;0;"https://www.ceee.com.br/a-ceee/governanca/compliance";"Rio Grande do Sul";"Sul";TRUE;FALSE;0
"243";"RS";"Companhia Estadual de Distribuição de Enegia Eletrica - CEEE-D";"ATIVA";"ENERGIA";"SOCIEDADE DE ECONOMIA MISTA";"Não Dependente";-5742894000;-1622898000;"SIM";"SIM";"SIM";"586488.77000000002";"Não";2742;0;526510000;0;0;0;0;0;"https://www.ceee.com.br/a-ceee/governanca/compliance";"Rio Grande do Sul";"Sul";TRUE;FALSE;0
"244";"RS";"Empresa Gaúcha de Rodovias - EGR";"ATIVA";"TRANSPORTE";"EMPRESA PÚBLICA";"Não Dependente";0;0;"SIM";"SIM";"SIM";"232127.22";"Não";55;0;7799679,62;0;0;0;0;0;NA;"Rio Grande do Sul";"Sul";TRUE;FALSE;0
"245";"RS";"Companhia de Gás do Estado RGS - SULGÁS";"ATIVA";"GÁS E DERIVADOS";"SOCIEDADE DE ECONOMIA MISTA";"Não Dependente";190142000;79442000;"SIM";"SIM";"SIM";"375980.32000000001";"Sim";130;2000;35053000;21696866,27;0;0;0;0;"https://www.sulgas.rs.gov.br/sulgas/transparencia-ativa";"Rio Grande do Sul";"Sul";TRUE;FALSE;21696866,27
"246";"RS";"Companhia de Processamento de Dados do Estado do RS - PROCERGS";"ATIVA";"INFORMÁTICA E TECNOLOGIA DA INFORMAÇÃO";"SOCIEDADE DE ECONOMIA MISTA";"Não Dependente";-41519923,56;11673137,32;"SIM";"SIM";"SIM";"434552";"Sim";1111;0;214110956,66;0;0;0;0;0;"https://www.procergs.rs.gov.br/carta-de-politicas-publicas";"Rio Grande do Sul";"Sul";TRUE;FALSE;0
"247";"RS";"Banco do Estado do Rio Grande do Sul - BANRISUL";"ATIVA";"FINANCEIRO";"SOCIEDADE DE ECONOMIA MISTA";"Não Dependente";7792367000;727476000;"SIM";"SIM";"SIM";"0";"Sim";10725;0;2128530000;106266249,14;0;0;0;0;"https://ri.banrisul.com.br/governanca-corporativa/carta-anual-de-governanca-corporativa-2/";"Rio Grande do Sul";"Sul";TRUE;FALSE;106266249,14
"248";"RS";"Companhia Estadual de Geração e Transmissão de Energia Eletrica - CEEE-GT";"ATIVA";"ENERGIA";"SOCIEDADE DE ECONOMIA MISTA";"Não Dependente";2537678000;278896000;"SIM";"SIM";"SIM";"563853.65000000002";"Não";1322;0;312558000;0;0;0;0;0;"https://www.ceee.com.br/a-ceee/governanca/compliance";"Rio Grande do Sul";"Sul";TRUE;FALSE;0
"249";"RS";"Companhia Riograndense de Mineração - CRM";"ATIVA";"ENERGIA";"SOCIEDADE DE ECONOMIA MISTA";"Não Dependente";300917520,43;-6194502,21;"SIM";"SIM";"SIM";"276243.72999999998";"Não";289;0;24483917,99;0;0;0;0;0;"https://www.crm.rs.gov.br/documentos-institucionais";"Rio Grande do Sul";"Sul";TRUE;FALSE;0
"250";"RS";"Companhia Riograndense de Saneamento - CORSAN";"ATIVA";"SANEAMENTO";"SOCIEDADE DE ECONOMIA MISTA";"Não Dependente";4032697000;1814394000;"SIM";"SIM";"SIM";"564439.21999999997";"Sim";5688;845000;1170058000;38000003;0;0;0;0;"https://www.corsan.com.br/governanca-corporativa";"Rio Grande do Sul";"Sul";TRUE;FALSE;38000003
"251";"RS";"CESA";"EM LIQUIDAÇÃO";"OUTROS";"SOCIEDADE DE ECONOMIA MISTA";"Não Dependente";0;0;"SIM";"SIM";"NÃO";"474612.03000000003";"Não";72;0;0;0;0;0;0;0;NA;"Rio Grande do Sul";"Sul";FALSE;FALSE;0
"252";"RS";"Centrais de Abastecimento do Rio Grande do Sul - CEASA";"ATIVA";"ABASTECIMENTO DE ALIMENTOS E OUTROS INSUMOS";"SOCIEDADE DE ECONOMIA MISTA";"Não Dependente";16640926,27;201937,88;"SIM";"SIM";"SIM";"229930.04000000001";"Não";49;0;5942290,21;0;0;0;0;0;"http://ceasa.rs.gov.br/portal-transparencia/";"Rio Grande do Sul";"Sul";TRUE;FALSE;0
"253";"SC";"Imbituba Administradora da Zona de Processamento e de Exportação SA";"ATIVA";"OUTROS";"SOCIEDADE DE ECONOMIA MISTA";"Dependente";238440,18;-103576,53;"SIM";"SIM";"NÃO";"0";"Não";0;0;50174,62;0;0;0;101909,52;91384,8;NA;"Santa Catarina";"Sul";FALSE;FALSE;-101909,52
"254";"SC";"Santa Catarina Participações e Investimentos SA";"ATIVA";"FINANCEIRO";"SOCIEDADE DE ECONOMIA MISTA";"Não Dependente";-7977257281,03;-790085056,98;"SIM";"SIM";"SIM";"0";"Não";0;0;0;0;0;0;0;0;NA;"Santa Catarina";"Sul";TRUE;FALSE;0
"255";"SC";"Sapiens Parque SA";"ATIVA";"HABITAÇÃO E URBANIZAÇÃO";"SOCIEDADE DE ECONOMIA MISTA";"Dependente";336836419,95;-11140271,18;"SIM";"SIM";"SIM";"0";"Não";0;0;1174092,11;0;0;0;24500000;0;NA;"Santa Catarina";"Sul";TRUE;FALSE;-24500000
"256";"SC";"SC Participações e Parcerias SA- SCPAR";"ATIVA";"OUTROS";"SOCIEDADE DE ECONOMIA MISTA";"Não Dependente";428520646,04;-16192622,43;"SIM";"SIM";"SIM";"240848.60000000001";"Não";37;3174920;8419805,39;0;0;0;6246180;0;NA;"Santa Catarina";"Sul";TRUE;FALSE;-6246180
"257";"SC";"Companhia Catarinense de Águas e Saneamento - CASAN";"ATIVA";"SANEAMENTO";"SOCIEDADE DE ECONOMIA MISTA";"Não Dependente";1324157433,1;112503999,33;"SIM";"SIM";"SIM";"525653.01000000001";"Não";2533;375796748,28;375333188,18;0;0;0;0;0;NA;"Santa Catarina";"Sul";TRUE;FALSE;0
"258";"SC";"BESC SA Corretora de Seguros e Administração de Bens - BESCOR";"ATIVA";"OUTROS";"SOCIEDADE DE ECONOMIA MISTA";"Dependente";-3663283,09;1084489,72;"SIM";"SIM";"NÃO";"29408.900000000001";"Não";0;0;198057,71;0;0;0;235000;3e+05;NA;"Santa Catarina";"Sul";FALSE;FALSE;-235000
"259";"SC";"Agência de Fomento do Estado de Santa Catarina - BADESC";"ATIVA";"FINANCEIRO";"SOCIEDADE DE ECONOMIA MISTA";"Não Dependente";609628861,62;12520289,9;"SIM";"SIM";"SIM";"622917.72999999998";"Não";102;541863,4;38901165,58;5e+06;0;0;26000007;0;NA;"Santa Catarina";"Sul";TRUE;FALSE;-21000007
"260";"SC";"Companhia de Distritos Industriais de Santa Catarina - CODISC";"ATIVA";"DESENVOLVIMENTO REGIONAL";"SOCIEDADE DE ECONOMIA MISTA";"Dependente";1594244,02;207330,87;"NÃO";"SIM";"NÃO";"9754.0400000000009";"Não";0;0;118592,33;0;0;0;301353,96;0;NA;"Santa Catarina";"Sul";FALSE;FALSE;-301353,96
"261";"SC";"Centro de Informática e Automação do Estado de Santa Catarina - CIASC";"ATIVA";"INFORMÁTICA E TECNOLOGIA DA INFORMAÇÃO";"EMPRESA PÚBLICA";"Não Dependente";0;53737646,94;"SIM";"SIM";"NÃO";"447556.5";"Não";343;9276125,73;83463671,29;0;0;0;0;0;NA;"Santa Catarina";"Sul";FALSE;FALSE;0
"262";"SC";"Empresa de Pesquisa Agropecuária e Extensão Rural de Santa Catarina - EPAGRI";"ATIVA";"PESQUISA E ASSISTÊNCIA TÉCNICA AGROPECUÁRIA";"EMPRESA PÚBLICA";"Dependente";11259678,71;7301552,17;"SIM";"SIM";"SIM";"97342.179999999993";"Não";1748;3851205,98;326261394,38;372391251,6;0;0;0;0;NA;"Santa Catarina";"Sul";TRUE;FALSE;372391251,6
"263";"SC";"Companhia de Desenvolvimento Regional do Estado de SC";"EM LIQUIDAÇÃO";"OUTROS";"SOCIEDADE DE ECONOMIA MISTA";"Dependente";0;5910163,86;"NÃO";"NÃO";"NÃO";"289425.15999999997";"Não";0;0;793702,47;0;0;0;250000;6431678,07;NA;"Santa Catarina";"Sul";FALSE;FALSE;-250000
"264";"SC";"Centrais de Abastecimento de Santa Catarina - CEASA";"ATIVA";"ABASTECIMENTO DE ALIMENTOS E OUTROS INSUMOS";"SOCIEDADE DE ECONOMIA MISTA";"Não Dependente";8572059,05;1339699,86;"SIM";"SIM";"NÃO";"13359.219999999999";"Não";46;198009,06;0;0;0;0;0;0;NA;"Santa Catarina";"Sul";FALSE;FALSE;0
"265";"SC";"Agência de Desenvolvimento do Turismo de Santa Catarina - SANTUR";"EM LIQUIDAÇÃO";"TURISMO";"SOCIEDADE DE ECONOMIA MISTA";"Dependente";292196,69;-93300,05;"NÃO";"SIM";"NÃO";"235450";"Não";33;0;4318750,68;0;0;0;0;0;NA;"Santa Catarina";"Sul";FALSE;FALSE;0
"266";"SC";"Companhia Hidromineral Caldas da Imperatriz";"ATIVA";"TURISMO";"EMPRESA PÚBLICA";"Não Dependente";1616716,74;-1378878,7;"SIM";"SIM";"NÃO";"0";"Não";68;0;512771200,36;0;0;0;0;0;NA;"Santa Catarina";"Sul";FALSE;FALSE;0
"267";"SC";"Companhia Integrada de Desenvolvimento Agrícola de Santa Catarina - CIDASC";"ATIVA";"PESQUISA E ASSISTÊNCIA TÉCNICA AGROPECUÁRIA";"EMPRESA PÚBLICA";"Dependente";275191188,16;-11030481,62;"SIM";"SIM";"NÃO";"328134.23999999999";"Não";1268;960936,21;219597386,93;0;201023573,83;182152219,21;0;0;NA;"Santa Catarina";"Sul";FALSE;FALSE;-201023573,83
"268";"SC";"Centrais Elétricas de Santa Catarina SA";"ATIVA";"ENERGIA";"SOCIEDADE DE ECONOMIA MISTA";"Não Dependente";1984642000;518685000;"SIM";"SIM";"SIM";"721996.70999999996";"Sim";3284;671198156,69;778929000;13642512,04;0;0;0;0;NA;"Santa Catarina";"Sul";TRUE;FALSE;13642512,04
"269";"SC";"Companhia de Habitação do Estado de Santa Catarina - COHAB/SC";"EM LIQUIDAÇÃO";"HABITAÇÃO E URBANIZAÇÃO";"SOCIEDADE DE ECONOMIA MISTA";"Dependente";-26099206,61;-1981228,32;"NÃO";"SIM";"NÃO";"225543.26000000001";"Não";20;0;5657158,47;0;5485403,44;7775814,53;0;0;NA;"Santa Catarina";"Sul";FALSE;FALSE;-5485403,44
"270";"SC";"Banco Regional de Desenvolvimento do Extremo Sul";"ATIVA";"FINANCEIRO";"EMPRESA PÚBLICA";"Não Dependente";3099861497,47;199305723,24;"SIM";"NÃO";"SIM";"652802.82999999996";"Sim";468;8745278,64;189551726,87;0;0;0;0;0;NA;"Santa Catarina";"Sul";FALSE;FALSE;0
"271";"SE";"Companhia Estadual de Habitação e Obras Públicas";"ATIVA";"HABITAÇÃO E URBANIZAÇÃO";"SOCIEDADE DE ECONOMIA MISTA";"Dependente";111070978;3290688;"SIM";"SIM";"NÃO";"390089";"Não";208;0;26874206;0;0;0;2505031,01;6352788,25;NA;"Sergipe";"Nordeste";FALSE;FALSE;-2505031,01
"272";"SE";"Banco do Estado de Sergipe SA";"ATIVA";"FINANCEIRO";"SOCIEDADE DE ECONOMIA MISTA";"Não Dependente";487807595,66;54338906,05;"SIM";"SIM";"SIM";"560552.20999999996";"Sim";965;12640323;229942026,45;10246296,73;0;0;0;0;NA;"Sergipe";"Nordeste";TRUE;FALSE;10246296,73
"273";"SE";"Companhia de Saneamento de Sergipe";"ATIVA";"SANEAMENTO";"SOCIEDADE DE ECONOMIA MISTA";"Não Dependente";1638653396;7741917;"SIM";"SIM";"NÃO";"721594.83999999997";"Não";1665;155914449;257292630;0;0;0;132834145;115764315;NA;"Sergipe";"Nordeste";FALSE;FALSE;-132834145
"274";"SE";"Empresa Sergipana de Turismo SA";"ATIVA";"TURISMO";"SOCIEDADE DE ECONOMIA MISTA";"Dependente";12289159,11;244933,24;"SIM";"SIM";"NÃO";"400579.96999999997";"Não";49;0;3125333,38;0;0;0;0;0;NA;"Sergipe";"Nordeste";FALSE;FALSE;0
"275";"SE";"Servicos Graficos de Sergipe";"ATIVA";"COMUNICAÇÃO";"EMPRESA PÚBLICA";"Não Dependente";3859060,95;-1163450,3;"SIM";"SIM";"NÃO";"125677.82000000001";"Não";51;0;4006504,35;0;0;0;0;0;NA;"Sergipe";"Nordeste";FALSE;FALSE;0
"276";"SE";"Empresa de Desenvolvimento Agropecuário de Sergipe";"ATIVA";"PESQUISA E ASSISTÊNCIA TÉCNICA AGROPECUÁRIA";"EMPRESA PÚBLICA";"Dependente";-12234642,36;7566687,52;"SIM";"SIM";"NÃO";"273602.52000000002";"Não";447;317485,42;52765828,82;0;0;0;0;0;NA;"Sergipe";"Nordeste";FALSE;FALSE;0
"277";"SE";"Companhia de Desenvolvimento Economico de Sergipe";"ATIVA";"DESENVOLVIMENTO REGIONAL";"SOCIEDADE DE ECONOMIA MISTA";"Dependente";188742444,45;-22890929,37;"SIM";"SIM";"NÃO";"344477.69";"Não";118;4738280,15;21416392,74;0;0;0;0;0;NA;"Sergipe";"Nordeste";FALSE;FALSE;0
"278";"SE";"Empresa Sergipana de Tecnologia da Informação";"ATIVA";"INFORMÁTICA E TECNOLOGIA DA INFORMAÇÃO";"EMPRESA PÚBLICA";"Dependente";6031847,43;2750565,09;"SIM";"SIM";"NÃO";"206158.66";"Não";59;0;6912809,79;0;0;0;0;0;NA;"Sergipe";"Nordeste";FALSE;FALSE;0
"279";"SE";"Companhia Administradora da Zona de Processamento de Exportação de Sergipe";"ATIVA";"OUTROS";"SOCIEDADE DE ECONOMIA MISTA";"Dependente";9769,1;135,08;"NÃO";"NÃO";"NÃO";"0";"Não";0;0;0;0;0;0;0;0;NA;"Sergipe";"Nordeste";FALSE;FALSE;0
"280";"SE";"Companhia de Desenvolvimento de Recursos Hídricos e Irrigação de Sergipe";"ATIVA";"ABASTECIMENTO DE ALIMENTOS E OUTROS INSUMOS";"SOCIEDADE DE ECONOMIA MISTA";"Dependente";-15662004,69;-7479862,72;"SIM";"SIM";"NÃO";"220635.32000000001";"Não";295;0;44476599,19;0;0;0;0;0;NA;"Sergipe";"Nordeste";FALSE;FALSE;0
"281";"SE";"Empresa de Desenvolvimento Sustentavel do Estado de Sergipe";"ATIVA";"DESENVOLVIMENTO REGIONAL";"EMPRESA PÚBLICA";"Dependente";-151398,26;709705,55;"SIM";"SIM";"NÃO";"306352.35999999999";"Não";58;0;7689206,31;0;0;0;0;0;NA;"Sergipe";"Nordeste";FALSE;FALSE;0
"282";"SE";"Sergipe Gás SA";"ATIVA";"GÁS E DERIVADOS";"SOCIEDADE DE ECONOMIA MISTA";"Não Dependente";111473477,08;77643307,89;"SIM";"SIM";"NÃO";"307443.64000000001";"Sim";71;6857657,26;16443392;878564,71;0;0;0;0;NA;"Sergipe";"Nordeste";FALSE;FALSE;878564,71
"283";"SP";"EMAE-EMPRESA METROPOLITANA DE ÁGUAS E ENERGIA SA";"ATIVA";"ENERGIA";"SOCIEDADE DE ECONOMIA MISTA";"Não Dependente";718513485,48;198484795,61;"SIM";"SIM";"SIM";"437068.09000000003";"Sim";446;37414774,41;110560151,37;24122365,86;0;0;0;0;"https://emae.globalri.com.br/pt/carta-de-governanca";"São Paulo";"Sudeste";TRUE;FALSE;24122365,86
"284";"SP";"CPP - COMPANHIA PAULISTA DE PARCERIAS";"ATIVA";"OUTROS";"EMPRESA PÚBLICA";"Não Dependente";1842597466,24;72533949,25;"SIM";"SIM";"NÃO";"185270.64000000001";"Não";5;0;3013502,97;23020402,53;0;0;0;0;NA;"São Paulo";"Sudeste";FALSE;FALSE;23020402,53
"285";"SP";"DOCAS - COMPANHIA DOCAS DE SÃO SEBASTIÃO";"ATIVA";"PORTOS E HIDROVIAS";"EMPRESA PÚBLICA";"Dependente";227322193;-15386793;"SIM";"SIM";"NÃO";"370774.29999999999";"Não";89;196592;11701728;0;10185232;10575519;196592;2020448;NA;"São Paulo";"Sudeste";FALSE;FALSE;-10381824
"286";"SP";"DESENVOLVE SP - AGÊNCIA DE FOMENTO DO ESTADO DE SÃO PAULO";"ATIVA";"FINANCEIRO";"EMPRESA PÚBLICA";"Não Dependente";1159768668,25;48982719,34;"SIM";"SIM";"SIM";"890907.83999999997";"Sim";154;0;45252923,23;7583600,26;0;0;0;0;"https://www.desenvolvesp.com.br/institucional/transparencia/prestacao-de-contas/carta-anual-de-politicas-publicas-e-governanca-corporativa/attachment/carta-anual-de-politicas-publicas-2020/";"São Paulo";"Sudeste";TRUE;FALSE;7583600,26
"287";"SP";"CPSEC - COMPANHIA PAULISTA DE SECURITIZAÇÃO";"ATIVA";"OUTROS";"SOCIEDADE DE ECONOMIA MISTA";"Não Dependente";421397433,09;6528738,5;"SIM";"SIM";"SIM";"204688.44";"Sim";2;0;383549,94;11761988,32;0;0;0;0;"https://portal.fazenda.sp.gov.br/Institucional/Paginas/CPSEC/CPSEC.aspx";"São Paulo";"Sudeste";TRUE;FALSE;11761988,32
"288";"SP";"CETESB - COMPANHIA AMBIENTAL DO ESTADO DE SÃO PAULO";"ATIVA";"OUTROS";"EMPRESA PÚBLICA";"Dependente";192337832,25;-4440254,02;"SIM";"SIM";"SIM";"328867.31";"Não";1867;12944106,03;398639277,83;0;214901413;205715598;0;0;"https://cetesb.sp.gov.br/acompanhe-nossa-gestao/";"São Paulo";"Sudeste";TRUE;FALSE;-214901413
"289";"SP";"SABESP - COMPANHIA DE SANEAMENTO BÁSICO DO ESTADO DE SÃO PAULO";"ATIVA";"SANEAMENTO";"SOCIEDADE DE ECONOMIA MISTA";"Não Dependente";22793704186,71;973318015,37;"SIM";"SIM";"SIM";"988559.56000000006";"Sim";12806;4379527239,36;2647070451,06;472907119,41;0;0;0;0;"https://ri.sabesp.com.br/governanca-corporativa/carta-de-governanca/";"São Paulo";"Sudeste";TRUE;FALSE;472907119,41
"290";"SP";"CDHU - COMPANHIA DE DESENVOLVIMENTO HABITACIONAL E URBANO DO ESTADO DE SÃO PAULO";"ATIVA";"HABITAÇÃO E URBANIZAÇÃO";"EMPRESA PÚBLICA";"Não Dependente";10253124529,21;-392878000;"SIM";"SIM";"SIM";"408104.16999999998";"Não";545;1612875126,13;101236816,3;0;0;0;361223778;371151952;"http://www.cdhu.sp.gov.br/web/guest/governanca-corporativa/carta-anual-de-politicas-e-governanca-corporativa";"São Paulo";"Sudeste";TRUE;FALSE;-361223778
"291";"SP";"IMESP - IMPRENSA OFICIAL DO ESTADO SA";"ATIVA";"COMUNICAÇÃO";"EMPRESA PÚBLICA";"Não Dependente";186428399,33;19126369,3;"SIM";"SIM";"SIM";"423428.67999999999";"Sim";497;37166196,28;127957520,92;32886630,49;0;0;0;0;"http://www.imprensaoficial.com.br/Governanca.aspx";"São Paulo";"Sudeste";TRUE;FALSE;32886630,49
"292";"SP";"EMTU-SP - EMPRESA METROPOLITANA DE TRANSPORTES URBANOS DE SÃO PAULO S/A";"ATIVA";"TRANSPORTE";"EMPRESA PÚBLICA";"Não Dependente";1949782456,35;-139813642,25;"SIM";"SIM";"SIM";"336451.53999999998";"Não";490;82037121,44;89748287,22;0;0;0;63718784,84;85961913;"https://www.emtu.sp.gov.br/emtu/institucional/governanca-corporativa.fss";"São Paulo";"Sudeste";TRUE;FALSE;-63718784,84
"293";"SP";"IPT - INSTITUTO DE PESQUISAS TECNOLÓGICAS DO ESTADO DE SÃO PAULO S/A";"ATIVA";"OUTROS";"EMPRESA PÚBLICA";"Dependente";107859929,04;-6806271,27;"SIM";"SIM";"SIM";"302227.70000000001";"Não";671;228926,42;111862868,85;0;87885931;84622224,97;228925,91;1600926,64;"https://www.ipt.br/institucional/governanca";"São Paulo";"Sudeste";TRUE;FALSE;-88114856,91
"294";"SP";"METRÔ - COMPANHIA DO METROPOLITANO DE SAO PAULO";"ATIVA";"TRANSPORTE";"EMPRESA PÚBLICA";"Não Dependente";33040863070,51;-1701339755,68;"SIM";"SIM";"SIM";"575272.43999999994";"Sim";7983;1695387904,72;1496204703,09;0;0;0;1715265035;1494419821,48;"https://governancacorporativa.metrosp.com.br/Paginas/Estrat%C3%A9gia-e-Plano-de-Neg%C3%B3cios.aspx";"São Paulo";"Sudeste";TRUE;FALSE;-1715265035
"295";"SP";"COSESP - COMPANHIA DE SEGUROS DO ESTADO DE SÃO PAULO";"ATIVA";"OUTROS";"SOCIEDADE DE ECONOMIA MISTA";"Não Dependente";127652306,75;-4904615,78;"SIM";"SIM";"NÃO";"506066.71000000002";"Sim";35;507734,45;9272062,77;9133090,86;0;0;0;0;"http://www.cosespseguros.com.br/lei-de-acesso/governanca/governanca-corporativa/";"São Paulo";"Sudeste";FALSE;FALSE;9133090,86
"296";"SP";"DERSA - DESENVOLVIMENTO RODOVIÁRIO S/A ""EM LIQUIDAÇÃO""";"EM LIQUIDAÇÃO";"TRANSPORTE";"EMPRESA PÚBLICA";"Não Dependente";-449692153,51;-1786970223,33;"NÃO";"SIM";"NÃO";"416527.37";"Não";399;2505751,9;99296857,9;0;0;0;12977452,73;13986825,63;"http://www.dersa.sp.gov.br/quem-somos/governanca-corporativa/carta-anual/";"São Paulo";"Sudeste";FALSE;FALSE;-12977452,73
"297";"SP";"PRODESP - COMPANHIA DE PROCESSAMENTO DE DADOS DO ESTADO DE SÃO PAULO";"ATIVA";"INFORMÁTICA E TECNOLOGIA DA INFORMAÇÃO";"EMPRESA PÚBLICA";"Não Dependente";332185317,99;37637135,91;"SIM";"SIM";"SIM";"566886.81999999995";"Sim";1642;34901376,42;359892558,83;31335193,66;0;0;0;0;"http://www.prodesp.sp.gov.br/governanca-corporativa/carta-anual-governan%C3%A7a.asp";"São Paulo";"Sudeste";TRUE;FALSE;31335193,66
"298";"SP";"CPOS - COMPANHIA PAULISTA DE OBRAS E SERVIÇOS";"EM LIQUIDAÇÃO";"OUTROS";"EMPRESA PÚBLICA";"Dependente";44125000;23485000;"NÃO";"SIM";"NÃO";"352011.40000000002";"Não";96;132000;42473000;0;0;0;0;0;NA;"São Paulo";"Sudeste";FALSE;FALSE;0
"299";"SP";"CPTM - COMPANHIA PAULISTA DE TRENS METROPOLITANOS";"ATIVA";"TRANSPORTE";"EMPRESA PÚBLICA";"Dependente";9351925887,35;-963982568,46;"SIM";"SIM";"SIM";"346687.76000000001";"Sim";7621;662814537,44;1035626638,41;0;919288987,3;929812514,52;530368612,05;88763627,69;NA;"São Paulo";"Sudeste";TRUE;FALSE;-1449657599,35
"300";"TO";"AGÊNCIA DE FOMENTO DO ESTADO DO TOCANTINS S/A";"ATIVA";"FINANCEIRO";"SOCIEDADE DE ECONOMIA MISTA";"Não Dependente";23841131,89;-3053029,47;"SIM";"SIM";"SIM";"191149.04000000001";"Não";34;36000;2813777,96;0;0;0;11500000;1700000;NA;"Tocantins";"Norte";TRUE;FALSE;-11500000
"301";"TO";"COMPANHIA IMOBILIÁRIA DE PARTICIPAÇÕES. INVESTIMENTOS E PARCERIAS DO ESTADO DO TOCANTINS - TOCANTINS PARCERIAS";"ATIVA";"HABITAÇÃO E URBANIZAÇÃO";"SOCIEDADE DE ECONOMIA MISTA";"Não Dependente";51671220,64;-1362276,11;"SIM";"SIM";"SIM";"260000";"Não";67;0;5264502,73;247697,31;0;0;0;0;NA;"Tocantins";"Norte";TRUE;FALSE;247697,31
"302";"TO";"COMPANHIA DE MINERAÇÃO DO TOCANTINS";"EM LIQUIDAÇÃO";"OUTROS";"SOCIEDADE DE ECONOMIA MISTA";"Não Dependente";0;0;"SIM";"SIM";"NÃO";"0";"0";0;0;0;0;0;0;0;0;NA;"Tocantins";"Norte";FALSE;FALSE;0
