"";"Estado";"emp";"sit";"setor";"esp";"dep";"PL";"lucros";"gov_ca";"gov_cf";"gov_aud";"maior_rem";"plr_rva";"qde_empregados";"desp_investimento";"desp_pessoal";"Dividendos";"Subvenção";"Subvenção (anterior)";"Reforço de Capital";"Reforço de Capital (anterior)";"capital";"var_capital";"var_acoes";"link";"Nome_estado";"REGIAO";"gov";"result_NA";"Resultado para o Estado Acionista"
"1";"AC";"Agencia de Negócios do Estado do Acre";"ATIVA";"OUTROS";"SOCIEDADE DE ECONOMIA MISTA";"Dependente";48353354,32;-24479884,96;"SIM";"SIM";"NÃO";196128;"Não";18;0;2123106,04;0;0;0;2247519,62;1767218,57;146871838,05;2247519,62;0;"nan";"Acre";"Norte";FALSE;FALSE;-2247519,62
"2";"AC";"Administradora da Zona de Processamento de Exportação do Acre - AZPE/AC";"ATIVA";"DESENVOLVIMENTO REGIONAL";"SOCIEDADE DE ECONOMIA MISTA";"Dependente";0;-55746,01;"SIM";"SIM";"NÃO";0;"Não";0;0;0;0;0;0;0;0;55000;0;0;"nan";"Acre";"Norte";FALSE;FALSE;0
"3";"AC";"Banco do Estado do Acre - BANACRE";"EM LIQUIDAÇÃO";"FINANCEIRO";"SOCIEDADE DE ECONOMIA MISTA";"Dependente";-191752566,47;-942857,86;"SIM";"SIM";"NÃO";95768,02;"Não";14;0;1146293,69;0;1600685,13;1525569;0;0;24365820,86;0;0;"nan";"Acre";"Norte";FALSE;FALSE;-1600685,13
"4";"AC";"Companhia de Armazéns e Entrepostos do Acre - CAGEACRE";"ATIVA";"ABASTECIMENTO DE ALIMENTOS E OUTROS INSUMOS";"EMPRESA PÚBLICA";"Dependente";8192906,14;682466,81;"SIM";"SIM";"NÃO";346731,32;"Não";140;133788,2;8082255,82;494565,41;9082999,24;9575806,83;27000;27000;8955849,76;0;0;"nan";"Acre";"Norte";FALSE;FALSE;-8615433,83
"5";"AC";"Companhia Industrial de Laticínios do Acre - CILA";"ATIVA";"ABASTECIMENTO DE ALIMENTOS E OUTROS INSUMOS";"SOCIEDADE DE ECONOMIA MISTA";"Dependente";-64543713,3;12022303,16;"SIM";"SIM";"NÃO";176800;"Não";25;0;1316291,74;0;1935664,94;1593809,51;0;0;416,44;0;0;"nan";"Acre";"Norte";FALSE;FALSE;-1935664,94
"6";"AC";"Companhia de Desenvolvimento Industrial do Acre - CODISACRE";"ATIVA";"DESENVOLVIMENTO REGIONAL";"EMPRESA PÚBLICA";"Dependente";-7255905,61;696130,92;"SIM";"SIM";"NÃO";176800;"Não";47;0;2914556,76;0;3692043,52;3662859,62;0;0;3797524,5;0;0;"nan";"Acre";"Norte";FALSE;FALSE;-3692043,52
"7";"AC";"Companhia de Colonização do Acre - COLONACRE";"EM LIQUIDAÇÃO";"OUTROS";"EMPRESA PÚBLICA";"Dependente";-5856447,48;-178986,58;"SIM";"SIM";"NÃO";176800;"Não";15;0;983816,25;0;876623,5;789372,18;0;0;3598917,22;0;0;"nan";"Acre";"Norte";FALSE;FALSE;-876623,5
"8";"AC";"Companhia de Saneamento do Acre - SANACRE";"ATIVA";"SANEAMENTO";"SOCIEDADE DE ECONOMIA MISTA";"Dependente";-18949354,32;-18949354,32;"SIM";"SIM";"NÃO";236043,74;"Não";191;0;20139047,96;0;10140978,06;10278585,48;0;0;123139981,75;0;0;"nan";"Acre";"Norte";FALSE;FALSE;-10140978,06
"9";"AC";"Companhia de Habitação do Acre - COHAB/ACRE";"ATIVA";"HABITAÇÃO E URBANIZAÇÃO";"SOCIEDADE DE ECONOMIA MISTA";"Dependente";79307669,34;3953141,14;"SIM";"SIM";"NÃO";237911,72;"Não";61;0;5027697,04;0;8878252,82;14847812,46;0;0;62835007,31;0;0;"nan";"Acre";"Norte";FALSE;FALSE;-8878252,82
"10";"AC";"Companhia Agência de Desenvolvimento e Serviços Ambientais do Estado do Acre - CDSA";"ATIVA";"DESENVOLVIMENTO REGIONAL";"SOCIEDADE DE ECONOMIA MISTA";"Dependente";103135,32;43135,32;"SIM";"SIM";"NÃO";0;"Não";0;49200;0;0;1569900,68;13000,02;0;0;60000;0;0;"nan";"Acre";"Norte";FALSE;FALSE;-1569900,68
"11";"AC";"Empresa de Processamento de Dados do Acre S/A - ACREDATA";"ATIVA";"INFORMÁTICA E TECNOLOGIA DA INFORMAÇÃO";"SOCIEDADE DE ECONOMIA MISTA";"Dependente";-73130330,5;-7781835,1;"SIM";"SIM";"NÃO";163200;"Não";68;0;5845587,49;0;9085516,43;8719160,17;0;0;4396687,58;0;0;"nan";"Acre";"Norte";FALSE;FALSE;-9085516,43
"12";"AC";"Empresa de Assistência Técnica e Extensão Rural do Acre - EMATER";"ATIVA";"PESQUISA E ASSISTÊNCIA TÉCNICA AGROPECUÁRIA";"EMPRESA PÚBLICA";"Dependente";-2982970,12;651732,77;"SIM";"SIM";"NÃO";119855,99;"Não";176;518700;17308822,52;0;19730427,58;18524821,75;0;0;0,01;0;0;"nan";"Acre";"Norte";FALSE;FALSE;-19730427,58
"13";"AL";"AGÊNCIAS DE FOMENTO DE ALAGOAS - DESENVOLVE";"ATIVA";"FINANCEIRO";"SOCIEDADE DE ECONOMIA MISTA";"Dependente";63735991,92;-3512967,82;"SIM";"SIM";"NÃO";295413,02;"Não";46;0;3866107,2;0;1017518,88;955686,12;0;0;80414000;4e+07;0;"https://www,desenvolve-al,com,br/institucional/relatorios-da-administracao/";"Alagoas";"Nordeste";FALSE;FALSE;-1017518,88
"14";"AL";"ALAGOAS ATIVOS S/A";"ATIVA";"GESTÃO DE ATIVOS";"EMPRESA PÚBLICA";"Não Dependente";1e+07;-11105313,64;"SIM";"SIM";"NÃO";22829,57;"Não";11;0;1816670,22;0;0;0;0;0;0;0;0;"https://www,alagoasativos,com,br/governanca/politicas/";"Alagoas";"Nordeste";FALSE;FALSE;0
"15";"AL";"COMPANHIA ALAGOANA DE RECURSOS HUMANOS E PATRIMONIAIS - CARHP";"EM LIQUIDAÇÃO";"HABITAÇÃO E URBANIZAÇÃO";"SOCIEDADE DE ECONOMIA MISTA";"Dependente";10693072,99;-42707,56;"SIM";"SIM";"NÃO";180620;"Não";34;0;1766343,23;0;0;0;0;0;4964380,41;0;0;"nan";"Alagoas";"Nordeste";FALSE;FALSE;0
"16";"AL";"COMPANHIA DE EDIÇÃO IMPRESSÃO E PUBLICAÇÃO DE ALAGOAS - CEPAL";"ATIVA";"COMUNICAÇÃO";"SOCIEDADE DE ECONOMIA MISTA";"Não Dependente";5750767,54;140824,27;"SIM";"SIM";"NÃO";98660,95;"Não";105;503345;5629717,66;0;0;0;0;0;10083000;0;0;"nan";"Alagoas";"Nordeste";FALSE;FALSE;0
"17";"AL";"GÁS DE ALAGOAS S/A - ALGÁS";"ATIVA";"GÁS E DERIVADOS";"SOCIEDADE DE ECONOMIA MISTA";"Não Dependente";102929597,09;29327009,27;"SIM";"SIM";"SIM";228299,92;"Sim";139;11601179,29;19119770,45;16141718,2;0;0;0;0;11382382,93;519758,560000001;-130179140,19;"https://algas,com,br/servicos/";"Alagoas";"Nordeste";TRUE;FALSE;16141718,2
"18";"AL";"BANCO DO ESTADO DE ALAGOAS S/A - PRODUBAN";"EM LIQUIDAÇÃO";"FINANCEIRO";"SOCIEDADE DE ECONOMIA MISTA";"Não Dependente";147487208,47;-4953680,73;"NÃO";"SIM";"NÃO";42002,33;"Não";6;0;522020,02;0;0;0;0;0;499811100;0;0;"nan";"Alagoas";"Nordeste";FALSE;FALSE;0
"19";"AL";"LABORATORIO INDUSTRIAL FARMACEUTICO DE ALAGOAS S/A - LIFAL";"EM LIQUIDAÇÃO";"SAÚDE";"SOCIEDADE DE ECONOMIA MISTA";"Dependente";-86577,26;-355535,8;"NÃO";"SIM";"NÃO";352495,13;"Não";7;0;352061,93;0;0;0;0;0;0;0;0;"nan";"Alagoas";"Nordeste";FALSE;FALSE;0
"20";"AL";"SERVIÇO DE ENGENHARIA DE ALAGOAS S.A - SERVEAL";"EM LIQUIDAÇÃO";"OUTROS";"SOCIEDADE DE ECONOMIA MISTA";"Dependente";-1880524,58;-164663,09;"NÃO";"SIM";"NÃO";23241,56;"Não";15;0;1309545,09;0;0;0;0;0;0;0;0;"nan";"Alagoas";"Nordeste";FALSE;FALSE;0
"21";"AL";"COMPANHIA DE SANEAMENTO DE ALAGOAS - CASAL";"ATIVA";"SANEAMENTO";"SOCIEDADE DE ECONOMIA MISTA";"Não Dependente";-185467774,59;23436497,55;"SIM";"SIM";"SIM";0;"Não";1064;17139560,53;104974313,44;0;0;0;0;0;347248954,06;0;0;"https://www,casal,al,gov,br/tipo-de-arquivo/carta-anual/";"Alagoas";"Nordeste";TRUE;FALSE;0
"22";"AM";"Empresa Estadual de Turismo - Amazonastur";"ATIVA";"TURISMO";"EMPRESA PÚBLICA";"Dependente";5768040,24;40503,88;"SIM";"SIM";"NÃO";291043,45;"Não";141;1640134,85;11624605,87;0;22614181,26;19016777,17;0;0;27123375,38;0;0;"nan";"Amazonas";"Norte";FALSE;FALSE;-22614181,26
"23";"AM";"Agência de Fomento do Estado do Amazonas S.A. - AFEAM";"ATIVA";"FINANCEIRO";"EMPRESA PÚBLICA";"Não Dependente";101721550,8;1171046,9;"SIM";"SIM";"SIM";372735,06;"Sim";258;184600836,77;36403043,46;0;0;0;0;0;98065592;4436972;4436972;"WWW,AFEAM,AM,GOV,BR";"Amazonas";"Norte";TRUE;FALSE;0
"24";"AM";"Companhia de Desenvolvimento do Estado do Amazonas - CIAMA";"ATIVA";"DESENVOLVIMENTO REGIONAL";"SOCIEDADE DE ECONOMIA MISTA";"Não Dependente";58115826,34;-1568510,74;"SIM";"SIM";"NÃO";445193,32;"Não";213;1138586,34;20043503,47;0;25032735,46;23505109,97;1e+06;1370000;326979280,28;1e+06;192313;"WWW,CIAMA,AM,GOV,BR";"Amazonas";"Norte";FALSE;FALSE;-26032735,46
"25";"AM";"Companhia Amazonense de Desenvolvimento e Mobilização de Ativos - CADA";"ATIVA";"GESTÃO DE ATIVOS";"EMPRESA PÚBLICA";"Não Dependente";392493,92;-4107506,08;"SIM";"SIM";"SIM";390000;"Não";26;105860,65;3864100;0;0;0;0;0;3500000;3500000;-9e+05;"WWW.CADA.AM.GOV.BR";"Amazonas";"Norte";TRUE;FALSE;0
"26";"AM";"Companhia de Gás do Amazonas";"ATIVA";"GÁS E DERIVADOS";"SOCIEDADE DE ECONOMIA MISTA";"Não Dependente";268422291,31;118768534,82;"SIM";"SIM";"NÃO";408000;"Sim";202;30381439,81;27907997,18;7320953,02;0;0;0;0;28657424,9;3626185,96;0;"WWW,CIGAS-AM,COM,BR";"Amazonas";"Norte";FALSE;FALSE;7320953,02
"27";"AM";"PRODAM Processamento de Dados Amazonas S.A.";"ATIVA";"INFORMÁTICA E TECNOLOGIA DA INFORMAÇÃO";"SOCIEDADE DE ECONOMIA MISTA";"Não Dependente";46801859;7851221;"SIM";"SIM";"SIM";569692,2;"Não";419;344352,31;68774255,72;0;0;0;0;0;45144417;0;0;"WWW,PRODAM,AM,GOV,BR";"Amazonas";"Norte";TRUE;FALSE;0
"28";"AM";"Companhia de Saneamento do Amazonas - Cosama";"ATIVA";"SANEAMENTO";"SOCIEDADE DE ECONOMIA MISTA";"Dependente";3314307,33;2086791,1;"SIM";"SIM";"NÃO";432271,83;"Não";376;1676764,08;30559919,28;0;40056685,04;32372425,83;8513912,07;3370974,03;532581469,06;0;0;"WWW,COSAMA,AM,GOV,BR";"Amazonas";"Norte";FALSE;FALSE;-48570597,11
"29";"AM";"Agência de Desenvolvimento Sustentável do Amazonas - ADS";"ATIVA";"DESENVOLVIMENTO REGIONAL";"EMPRESA PÚBLICA";"Dependente";5495411,18;111673,53;"SIM";"SIM";"NÃO";156786,29;"Não";108;125021,13;5800738,31;0;109531481,05;52692200,71;0;0;1e+07;0;0;"nan";"Amazonas";"Norte";FALSE;FALSE;-109531481,05
"30";"AP";"Companhia de Gás do Amapá - GASAP";"ATIVA";"GÁS E DERIVADOS";"SOCIEDADE DE ECONOMIA MISTA";"Não Dependente";494019,21;-196357,92;"SIM";"SIM";"NÃO";29040;"Não";1;0;29040;0;0;0;0;0;100;0;0;"-";"Amapá";"Norte";FALSE;FALSE;0
"31";"AP";"Companhia de Eletricidade do Amapá - CEA";"ATIVA";"ENERGIA";"SOCIEDADE DE ECONOMIA MISTA";"Não Dependente";2652516032,1;138193922,9;"SIM";"SIM";"SIM";761475,84;"Não";530;0;64092796,32;0;7500000;0;0;0;1117875640,18;0;0;"www.cea.amapa.gov.br/";"Amapá";"Norte";TRUE;FALSE;-7500000
"32";"AP";"Agência de Fomento do Amapá - AFAP";"ATIVA";"FINANCEIRO";"EMPRESA PÚBLICA";"Não Dependente";12379152,22;-16357954,4;"SIM";"SIM";"NÃO";223283,95;"Não";93;0;6164185,74;0;0;0;5e+06;5800000;34455740,38;5800000;5800000;"www.afap.ap.gov.br/";"Amapá";"Norte";FALSE;FALSE;-5e+06
"33";"AP";"Companhia de Água e Esgoto do Amapá - CAESA";"ATIVA";"SANEAMENTO";"SOCIEDADE DE ECONOMIA MISTA";"Dependente";484005109,1;47289353,51;"SIM";"SIM";"NÃO";167929,09;"Não";400;0;33587214,45;0;0;0;0;0;0;0;0;"caesa.portal.ap.gov.br/";"Amapá";"Norte";FALSE;FALSE;0
"34";"BA";"Companhia de Gás da Bahia - Bahiagás";"ATIVA";"ENERGIA";"SOCIEDADE DE ECONOMIA MISTA";"Não Dependente";679770267,72;117189059,6;"SIM";"SIM";"NÃO";384810,18;"Sim";279;74152611,78;77274008,16;15395976,65;0;0;0;0;484515767,42;6972670,48000002;50477;"nan";"Bahia";"Nordeste";FALSE;FALSE;15395976,65
"35";"BA";"BAHIAINVESTE - EMPRESA BAIANA DE ATIVOS S.A.";"ATIVA";"GESTÃO DE ATIVOS";"SOCIEDADE DE ECONOMIA MISTA";"Não Dependente";22319686;-3851497;"SIM";"SIM";"SIM";188464,76;"Não";15;8020000;2844566;0;0;0;14411673,4;3500000;11530000;0;0,160000000000011;"http://www,bahiainveste,ba,gov,br/accountability";"Bahia";"Nordeste";TRUE;FALSE;-14411673,4
"36";"BA";"BAHIA PESCA S/A";"ATIVA";"OUTROS";"SOCIEDADE DE ECONOMIA MISTA";"Dependente";-8384759;-1302712;"SIM";"SIM";"NÃO";203855;"Não";110;396367;11059157;0;3954231;3333709;0;0;4824688,64;0;0;"http://www.bahiapesca.ba.gov.br/arquivos/File/CARTAANUALBPECERCICIO2020.pdf";"Bahia";"Nordeste";FALSE;FALSE;-3954231
"37";"BA";"Companhia Baiana de Pesquisa Mineral";"ATIVA";"MINERAÇÃO";"SOCIEDADE DE ECONOMIA MISTA";"Dependente";79231157,68;3925487,91;"SIM";"SIM";"NÃO";274978,67;"Não";169;874376,7;26043922,96;0;18890129,03;6275628,35;0;0;1e+08;0;0;"nan";"Bahia";"Nordeste";FALSE;FALSE;-18890129,03
"38";"BA";"COMPANHIA DE ENGENHARIA HIDRICA E DE SANEAMENTO DA BAHIA CERB";"ATIVA";"SANEAMENTO";"SOCIEDADE DE ECONOMIA MISTA";"Dependente";12041527,53;378212,65;"SIM";"SIM";"NÃO";310223,75;"Não";803;62058948,09;30383692,32;0;95388106,44;91796118,07;0;0;131206906;0;0;"nan";"Bahia";"Nordeste";FALSE;FALSE;-95388106,44
"39";"BA";"COMPANHIA DE DESENVOLVIMENTO URBANO DO ESTADO DA BAHIA - CONDER";"ATIVA";"HABITAÇÃO E URBANIZAÇÃO";"EMPRESA PÚBLICA";"Dependente";211244993;-3011462,32;"SIM";"SIM";"NÃO";241443,36;"Não";353;0;23832550,22;0;489098926,9;1243349076;0;0;16803753;0;0;"https://www,conder,ba,gov,br/sites/default/files/documentos/2022-04/Carta_Anual_de_Governanca_Corporativa__2022__VFinal,pdf";"Bahia";"Nordeste";FALSE;FALSE;-489098926,9
"40";"BA";"EMPRESA BAIANA DE AGUAS E SANEAMENTO DA BAHIA - EMBASA";"ATIVA";"SANEAMENTO";"SOCIEDADE DE ECONOMIA MISTA";"Não Dependente";6612500926,38;386266634,58;"SIM";"SIM";"SIM";700243,75;"Sim";4476;922129868,63;872431074,09;0;0;0;0;0;4846641888,14;170349048;24019230;"https://www,embasa,ba,gov,br/index,php/institucional/a-embasa/governanca/carta-anual-de-governanca-corporativa";"Bahia";"Nordeste";TRUE;FALSE;0
"41";"BA";"Desenbahia - Agência de Fomento do Estado da Bahia S/A";"ATIVA";"FINANCEIRO";"SOCIEDADE DE ECONOMIA MISTA";"Não Dependente";679776812,13;40532779,14;"SIM";"SIM";"SIM";375212,37;"Sim";269;0;51743640,08;0;0;0;0;0;569460619,72;1326435,80000007;302540452;"chrome-extension://efaidnbmnnnibpcajpcglclefindmkaj/https://www,desenbahia,ba,gov,br/wp-content/uploads/2022/04/carta-anual-de-politicas-publicas,pdf";"Bahia";"Nordeste";TRUE;FALSE;0
"42";"BA";"COMPANHIA DE DESENVOLVIMENTO E AÇÃO REGIONAL - CAR";"ATIVA";"DESENVOLVIMENTO REGIONAL";"EMPRESA PÚBLICA";"Dependente";-38652790,07;-527641,29;"SIM";"SIM";"NÃO";247623,3;"Não";683;5569071,63;73321965,69;0;41034217,44;39187422,61;0;0;13542532,35;0;0;"nan";"Bahia";"Nordeste";FALSE;FALSE;-41034217,44
"43";"BA";"COMPANHIA DE TRANSPORTE DO ESTADO DA BAHIA - CTB";"ATIVA";"TRANSPORTE";"EMPRESA PÚBLICA";"Dependente";62395036;5544111;"SIM";"SIM";"NÃO";249447;"Não";132;35844247;17070076;0;61493086;30924004,68;0;0;139654487,18;0;999;"nan";"Bahia";"Nordeste";FALSE;FALSE;-61493086
"44";"BA";"Empresa Gráfica da Bahia - EGBA";"ATIVA";"COMUNICAÇÃO";"EMPRESA PÚBLICA";"Não Dependente";61570288;1196270;"SIM";"SIM";"SIM";367725,12;"Não";408;0;25945081,55;0;0;0;0;0;44726528;-70;0;"nan";"Bahia";"Nordeste";TRUE;FALSE;0
"45";"BA";"COMPANHIA DE PROCESSAMENTO DE DADOS DO ESTADO DA BAHIA - PRODEB";"ATIVA";"INFORMÁTICA E TECNOLOGIA DA INFORMAÇÃO";"SOCIEDADE DE ECONOMIA MISTA";"Não Dependente";49693649,78;15265078,08;"SIM";"SIM";"SIM";274229,42;"Não";534;4499672,79;55690837,6;0;0;0;0;2e+06;99605874;0;0;"Demonstrações financeiras (prodeb,ba,gov,br)";"Bahia";"Nordeste";TRUE;FALSE;0
"46";"BA";"Habitação e Urbanização da Bahia S/A - URBIS";"EM LIQUIDAÇÃO";"HABITAÇÃO E URBANIZAÇÃO";"SOCIEDADE DE ECONOMIA MISTA";"Não Dependente";-56072451,73;-12120900,82;"SIM";"SIM";"NÃO";228549,72;"Não";0;0;4590494,99;0;0;0;6e+06;6121689,43;334986353;4986353;24781765;"nan";"Bahia";"Nordeste";FALSE;FALSE;-6e+06
"47";"CE";"Empresa de Tecnologia da Informação do Ceará - ETICE";"ATIVA";"INFORMÁTICA E TECNOLOGIA DA INFORMAÇÃO";"EMPRESA PÚBLICA";"Dependente";14920637,6;1171930,77;"SIM";"SIM";"NÃO";76228,87;"Não";190;1547726,09;34130855,72;0;45695389,37;28333385,59;0;0;50000;0;0;"nan";"Ceará";"Nordeste";FALSE;FALSE;-45695389,37
"48";"CE";"Companhia de Gestão dos Recursos Hídricos - COGERH";"ATIVA";"SANEAMENTO";"SOCIEDADE DE ECONOMIA MISTA";"Não Dependente";242762441;7809286;"SIM";"SIM";"SIM";402973,1;"Sim";822;13076996,18;73872265;4952754,53;0;0;9091700;0;147615502;5327164;141540235;"https://portal,cogerh,com,br/wp-content/uploads/2017/12/CARTA-ANUAL-2020-2021,pdf";"Ceará";"Nordeste";TRUE;FALSE;-4138945,47
"49";"CE";"Companhia de Gás do Ceará - CEGÁS";"ATIVA";"GÁS E DERIVADOS";"SOCIEDADE DE ECONOMIA MISTA";"Não Dependente";253642826,2;124674885,44;"SIM";"SIM";"SIM";247399,94;"Não";144;31381287,24;12557276,98;48873425,69;0;0;0;0;161299537,43;12639309,4;32702000;"https://www,cegas,com,br/carta-anual-de-politicas-publicas-e-governanca-corporativa/";"Ceará";"Nordeste";TRUE;FALSE;48873425,69
"50";"CE";"Companhia de Desenvolvimento do Complexo Industrial e Portuário do Pecém - CIPP S/A";"ATIVA";"TRANSPORTE";"SOCIEDADE DE ECONOMIA MISTA";"Não Dependente";1153434020,3;68478710,32;"SIM";"SIM";"SIM";521381,62;"Sim";356;32165000;51713606,98;23023445,29;0;0;0;0;1069658066,19;0;0;"https://www,complexodopecem,com,br/wp-content/uploads/2021/10/Carta-Anual-2020,pdf";"Ceará";"Nordeste";TRUE;FALSE;23023445,29
"51";"CE";"Companhia Cearense de Transportes Metropolitanos - METROFOR";"ATIVA";"TRANSPORTE";"SOCIEDADE DE ECONOMIA MISTA";"Não Dependente";1043325461,06;-195359443,28;"SIM";"SIM";"SIM";233580,04;"Não";419;15661639,27;86462804,73;0;0;0;163829798,65;169509353,53;2323653000;169500027,5;292400033;"https://www,metrofor,ce,gov,br/projeto/relatorios-ano-2021/";"Ceará";"Nordeste";TRUE;FALSE;-163829798,65
"52";"CE";"Empresa de Assistência Técnica e Extensão Rural do Ceará - EMATERCE";"ATIVA";"PESQUISA E ASSISTÊNCIA TÉCNICA AGROPECUÁRIA";"EMPRESA PÚBLICA";"Dependente";-100785757,95;-3557178,03;"SIM";"SIM";"NÃO";473306,86;"Não";551;0;91061965,97;0;107610744,25;106491641,93;0;0;2511583,84;0;0;"nan";"Ceará";"Nordeste";FALSE;FALSE;-107610744,25
"53";"CE";"Companhia de Água e Esgoto do Ceará - CAGECE";"ATIVA";"SANEAMENTO";"SOCIEDADE DE ECONOMIA MISTA";"Não Dependente";2639894042,56;155815062,2;"SIM";"SIM";"SIM";548778,15;"Sim";5905;351320964,11;560961645,76;41637748,57;0;0;0;0;2121545597,15;177938957,87;0;"nan";"Ceará";"Nordeste";TRUE;FALSE;41637748,57
"54";"CE";"Centrais de Abastecimento do Ceará S/A - CEASA";"ATIVA";"ABASTECIMENTO DE ALIMENTOS E OUTROS INSUMOS";"SOCIEDADE DE ECONOMIA MISTA";"Não Dependente";5394029;-299332,91;"SIM";"SIM";"NÃO";248347,09;"Não";261;0;17836798,87;0;0;0;0;0;818302;0;0;"nan";"Ceará";"Nordeste";FALSE;FALSE;0
"55";"CE";"Agência de Desenvilvimento do Estado do Ceará S/A - ADECE";"ATIVA";"DESENVOLVIMENTO REGIONAL";"SOCIEDADE DE ECONOMIA MISTA";"Não Dependente";161433994;14358236;"SIM";"SIM";"NÃO";167710;"Não";105;42433752;10095372,81;1500000;0;0;0;0;123036251;17526106;17180337;"nan";"Ceará";"Nordeste";FALSE;FALSE;1500000
"56";"CE";"Companhia de Habitação do Ceará - COHAB";"EM LIQUIDAÇÃO";"HABITAÇÃO E URBANIZAÇÃO";"SOCIEDADE DE ECONOMIA MISTA";"Dependente";-288159914,74;-10680460,03;"NÃO";"SIM";"NÃO";8413,26;"Não";45;8180,52;3741451,8;0;3077981,64;2897160,53;0;0;29404405;0;0;"nan";"Ceará";"Nordeste";FALSE;FALSE;-3077981,64
"57";"CE";"Companhia de Participação de Ativos do Ceará - CEARAPAR";"ATIVA";"GESTÃO DE ATIVOS";"SOCIEDADE DE ECONOMIA MISTA";"Não Dependente";2826733;173268;"SIM";"SIM";"NÃO";29052,56;"Não";6;16876,83;189893,65;0;0;0;0;0;3e+06;3e+06;4999999;"nan";"Ceará";"Nordeste";FALSE;FALSE;0
"58";"DF";"Banco Regional de Brasília - BRB";"ATIVA";"FINANCEIRO";"SOCIEDADE DE ECONOMIA MISTA";"Não Dependente";2601550640,5;607712381,27;"SIM";"SIM";"SIM";1004759,58;"Sim";3195;180509997;929266964,06;146566162,73;0;0;0;0;1466322286,77;166322286,77;231940761;"nan";"Distrito Federal";"Centro-oeste";TRUE;FALSE;146566162,73
"59";"DF";"Parque Tecnológico de Brasília - BIOTIC";"ATIVA";"OUTROS";"EMPRESA PÚBLICA";"Não Dependente";1001208942;-413560;"SIM";"SIM";"NÃO";211779,12;"Não";34;30780;2830160,23;0;0;0;1007664489;12701353;5804654;0;9949631;"nan";"Distrito Federal";"Centro-oeste";FALSE;FALSE;-1007664489
"60";"DF";"Cartão BRB";"ATIVA";"FINANCEIRO";"SOCIEDADE DE ECONOMIA MISTA";"Não Dependente";914592072,48;588686555,21;"SIM";"SIM";"SIM";589540,83;"Sim";233;98163443;39094799,94;124480550,15;0;0;0;0;506560000;205099783,8;1192713;"https://www,brbcard,com,br/Portal/Home/Sic";"Distrito Federal";"Centro-oeste";TRUE;FALSE;124480550,15
"61";"DF";"Instituto BRB de Desenvolvimento Humano e Responsabilidade Socioambiental";"ATIVA";"OUTROS";"SOCIEDADE DE ECONOMIA MISTA";"Não Dependente";7144183,84;6328355,37;"SIM";"SIM";"NÃO";0;"Sim";0;13932332,88;0;0;0;0;0;0;0;0;0;"nan";"Distrito Federal";"Centro-oeste";FALSE;FALSE;0
"62";"DF";"BRB Administradora e Corretora de Seguros";"ATIVA";"OUTROS";"SOCIEDADE DE ECONOMIA MISTA";"Não Dependente";23035884,81;417092810,91;"SIM";"SIM";"NÃO";529505,35;"Sim";260;0;37919349,75;0;0;0;0;0;47178000;0;0;"nan";"Distrito Federal";"Centro-oeste";FALSE;FALSE;0
"63";"DF";"BRB Crédito. Financiamento e Investimento";"ATIVA";"FINANCEIRO";"SOCIEDADE DE ECONOMIA MISTA";"Não Dependente";323205109,23;57166769,21;"SIM";"SIM";"SIM";591961,35;"Sim";3;0;2319126,15;0;0;0;0;0;1,5e+08;0;0;"nan";"Distrito Federal";"Centro-oeste";TRUE;FALSE;0
"64";"DF";"BRB DTVM - Distribuidora de Títulos e Valores Mobiliários";"ATIVA";"FINANCEIRO";"SOCIEDADE DE ECONOMIA MISTA";"Não Dependente";50789316,89;3248886,64;"SIM";"SIM";"SIM";552136,04;"Sim";5;0;3262496,71;0;0;0;0;0;4e+07;0;0;"nan";"Distrito Federal";"Centro-oeste";TRUE;FALSE;0
"65";"DF";"BRB Serviços";"ATIVA";"OUTROS";"SOCIEDADE DE ECONOMIA MISTA";"Dependente";23035884,81;6128763,58;"SIM";"SIM";"NÃO";524154,88;"Sim";1124;8067262;45871306;0;0;0;6750171;0;19013700;6750171;0;"nan";"Distrito Federal";"Centro-oeste";FALSE;FALSE;-6750171
"66";"DF";"Centrais de Abastecimento do Distrito Federal - CEASA";"ATIVA";"ABASTECIMENTO DE ALIMENTOS E OUTROS INSUMOS";"SOCIEDADE DE ECONOMIA MISTA";"Não Dependente";42706367,46;1970949,55;"SIM";"SIM";"SIM";39033,81;"Não";58;0;10022958,9;0;0;0;0;0;32197985;0;0;"https://www,ceasa,df,gov,br/wp-content/uploads/2019/09/Carta-Anual-2021,pdf";"Distrito Federal";"Centro-oeste";TRUE;FALSE;0
"67";"DF";"Companhia de Planejamento do Distrito Federal - CODEPLAN";"ATIVA";"OUTROS";"EMPRESA PÚBLICA";"Dependente";-10648784,49;10346341,03;"SIM";"SIM";"SIM";448738,7;"Não";396;0;104363140,6;0;122073431,3;116896236,8;32942,11;32942,11;12233727,6;0;0;"nan";"Distrito Federal";"Centro-oeste";TRUE;FALSE;-122106373,41
"68";"DF";"Companhia de Saneamento Ambiental do Distrito Federal - CAESB";"ATIVA";"SANEAMENTO";"SOCIEDADE DE ECONOMIA MISTA";"Não Dependente";1641306695,38;133095679,99;"SIM";"SIM";"SIM";1010217,75;"Sim";2217;166816624,76;826112655,86;20203974,17;0;0;2212042,31;1626639,87;1537314981;0;0;"https://www,caesb,df,gov,br/images/arquivos_pdf/Carta_Anual/carta-anual-2021,pdf";"Distrito Federal";"Centro-oeste";TRUE;FALSE;17991931,86
"69";"DF";"Companhia Energética de Brasília - CEB";"ATIVA";"ENERGIA";"SOCIEDADE DE ECONOMIA MISTA";"Não Dependente";678769531,05;432619022,38;"SIM";"SIM";"SIM";543531,82;"Não";46;40485,22;20345392,99;20086507,52;0;0;0;0;566025355,62;0;0;"http://www,ceb,com,br/index,php/institucional-ceb-separator/companhia-energetica-de-brasilia-ceb";"Distrito Federal";"Centro-oeste";TRUE;FALSE;20086507,52
"70";"DF";"Companhia Brasiliense de Gás - CEBGAS";"ATIVA";"GÁS E DERIVADOS";"SOCIEDADE DE ECONOMIA MISTA";"Não Dependente";1042092,86;-69311,34;"SIM";"SIM";"NÃO";152123,25;"Não";4;0;427069,2;0;0;0;0;0;6821000;0;0;"nan";"Distrito Federal";"Centro-oeste";FALSE;FALSE;0
"71";"DF";"CEB Geração";"ATIVA";"ENERGIA";"EMPRESA PÚBLICA";"Não Dependente";31831922,1;4092441,63;"NÃO";"SIM";"SIM";402133,33;"Não";12;457954,34;1585594,86;0;0;0;0;0;7575212,61;0;0;"htttp://www,ceb,com,br/index,php/institucional-ceb-separator/ceb-geracao-s-a";"Distrito Federal";"Centro-oeste";FALSE;FALSE;0
"72";"DF";"CEB Iluminação Pública e Serviços";"ATIVA";"ENERGIA";"SOCIEDADE DE ECONOMIA MISTA";"Não Dependente";169883884,75;-5765916,74;"NÃO";"SIM";"NÃO";294528,4;"Não";89;526281,83;11540909,8;0;0;0;0;0;175649739,61;175549739,61;175549740;"nan";"Distrito Federal";"Centro-oeste";FALSE;FALSE;0
"73";"DF";"CEB Lajeado";"ATIVA";"ENERGIA";"SOCIEDADE DE ECONOMIA MISTA";"Não Dependente";336300884,53;75753101,16;"SIM";"SIM";"SIM";478857,34;"Não";19;255480,96;5737844,12;0;0;0;0;0;112283997,86;0;0;"nan";"Distrito Federal";"Centro-oeste";TRUE;FALSE;0
"74";"DF";"CEB Participações";"ATIVA";"ENERGIA";"EMPRESA PÚBLICA";"Não Dependente";33573102,56;16198438,32;"NÃO";"SIM";"NÃO";378933,33;"Não";12;1373901,01;1823939,31;0;0;0;0;0;21270414,68;0;0;"http://www,ceb,com,br/index,php/institucional-ceb-separator/companhia-energetica-de-brasilia-ceb";"Distrito Federal";"Centro-oeste";FALSE;FALSE;0
"75";"DF";"Companhia de Desenvolvimento Habitacional do Distrito Federal - CODHAB";"ATIVA";"HABITAÇÃO E URBANIZAÇÃO";"EMPRESA PÚBLICA";"Dependente";107336307,38;770328,49;"SIM";"SIM";"NÃO";253560;"Não";204;13926971,93;18314185,66;0;40183948;40225259;0;0;37029931,62;0;0;"nan";"Distrito Federal";"Centro-oeste";FALSE;FALSE;-40183948
"76";"DF";"DF Gestão de Ativos";"ATIVA";"GESTÃO DE ATIVOS";"SOCIEDADE DE ECONOMIA MISTA";"Não Dependente";137069;-354229;"SIM";"SIM";"NÃO";0;"Não";0;0;282000;0;0;0;0;0;0;0;0;"nan";"Distrito Federal";"Centro-oeste";FALSE;FALSE;0
"77";"DF";"Empresa de Assistência Técnica e Extensão Rural do Distrito Federal - EMATER";"ATIVA";"PESQUISA E ASSISTÊNCIA TÉCNICA AGROPECUÁRIA";"EMPRESA PÚBLICA";"Dependente";-18867499,6;-28590512,04;"SIM";"SIM";"SIM";582895,37;"Não";321;1415068,15;124958520,14;0;124090412,9;123614213,37;0;0;677760,52;0;0;"nan";"Distrito Federal";"Centro-oeste";TRUE;FALSE;-124090412,9
"78";"DF";"Companhia do Metropolitano do Distrito Federal - METRÔ";"ATIVA";"TRANSPORTE";"EMPRESA PÚBLICA";"Dependente";1807773175,8;-78023880,17;"SIM";"SIM";"NÃO";508493,75;"Não";1237;6832407,91;244732634,52;0;267793036,56;275133296,95;6080993,34;12921168,72;2865848110,28;12921168,2800002;137051;"https://metro,df,gov,br/?page_id=37077";"Distrito Federal";"Centro-oeste";FALSE;FALSE;-273874029,9
"79";"DF";"Companhia Urbanizadora da Nova Capital do Brasil - NOVACAP";"ATIVA";"HABITAÇÃO E URBANIZAÇÃO";"EMPRESA PÚBLICA";"Dependente";608412996,19;3511742,06;"SIM";"SIM";"NÃO";425546,64;"Não";2136;0;289816897,96;0;807280303,58;784288914,87;2313320,06;4959616,94;26713076,28;0;0;"nan";"Distrito Federal";"Centro-oeste";FALSE;FALSE;-809593623,64
"80";"DF";"Florestamento e Reflorestamento - PROFLORA";"EM LIQUIDAÇÃO";"OUTROS";"SOCIEDADE DE ECONOMIA MISTA";"Não Dependente";14752825,23;-1448467,2;"SIM";"SIM";"NÃO";152457,31;"Não";7;0;1494457,8;0;0;0;0;0;3838,27;0;0;"nan";"Distrito Federal";"Centro-oeste";FALSE;FALSE;0
"81";"DF";"Sociedade de Abastecimento de Brasília - SAB";"EM LIQUIDAÇÃO";"ABASTECIMENTO DE ALIMENTOS E OUTROS INSUMOS";"EMPRESA PÚBLICA";"Dependente";625362,24;237447,43;"SIM";"SIM";"NÃO";276249,35;"Não";134;0;22346832,4;0;22737753,2;21577561,03;0;0;16368857,49;0;0;"nan";"Distrito Federal";"Centro-oeste";FALSE;FALSE;-22737753,2
"82";"DF";"Sociedade de Transportes Coletivos de Brasília - TCB";"ATIVA";"TRANSPORTE";"EMPRESA PÚBLICA";"Dependente";65498439,17;-4541813,01;"SIM";"SIM";"NÃO";329113,19;"Não";1112;5946158;53795238,83;0;0;0;5500000;9662620;38386200;9662620;9662620;"Carta-de-servicos-ao-cidadao-2021,pdf (tcb,df,gov,br)";"Distrito Federal";"Centro-oeste";FALSE;FALSE;-5500000
"83";"DF";"Companhia Imobiliária de Brasília - Terracap";"ATIVA";"DESENVOLVIMENTO REGIONAL";"EMPRESA PÚBLICA";"Não Dependente";4553215554,82;1741509742,08;"SIM";"SIM";"SIM";919925,18;"Sim";733;110254557,38;243876224,81;0;0;0;0;0;1848848613,47;0;0;"https://www,terracap,df,gov, br/index,php/acessoinformacao/normas-manuaise-politicas";"Distrito Federal";"Centro-oeste";TRUE;FALSE;0
"84";"ES";"CEASA- Centrais de Abastecimento do Espírito Santo S/A";"ATIVA";"ABASTECIMENTO DE ALIMENTOS E OUTROS INSUMOS";"SOCIEDADE DE ECONOMIA MISTA";"Dependente";8180258,07;162481;"SIM";"SIM";"NÃO";400107,26;"Não";79;24313;4006496,98;0;0;0;0;0;3159556,67;0;0;"https://ceasa,es,gov,br/governanca-corporativa";"Espiríto Santo";"Sudeste";FALSE;FALSE;0
"85";"ES";"COHAB- Companhia de Habitação e Urbanização do Estado do Espírito Santo- em liquidação";"EM LIQUIDAÇÃO";"HABITAÇÃO E URBANIZAÇÃO";"SOCIEDADE DE ECONOMIA MISTA";"Dependente";14971000;24000;"NÃO";"SIM";"NÃO";82524;"Não";21;0;1409743,99;0;1568000;2758000;0;0;4525000;0;0;"https://seger,es,gov,br/autarquias";"Espiríto Santo";"Sudeste";FALSE;FALSE;-1568000
"86";"ES";"Banestes- Banco do Estado do Espírito Santo";"ATIVA";"FINANCEIRO";"SOCIEDADE DE ECONOMIA MISTA";"Não Dependente";1889666000;250590000;"SIM";"SIM";"SIM";574718,66;"Sim";2035;64733000;373317000;77384311;0;0;0;0;1477920000;281728500;0;"https://www,banestes,com,br/ri/ri_governanca,html";"Espiríto Santo";"Sudeste";TRUE;FALSE;77384311
"87";"ES";"BANDES Banco de Desenvolvimento do Espírito Santo";"ATIVA";"FINANCEIRO";"SOCIEDADE DE ECONOMIA MISTA";"Não Dependente";314798000;50136000;"SIM";"SIM";"SIM";198207,6;"Sim";161;3232621;37975000;0;0;0;0;20148517,23;439371000;0;0;"https://www,bandes,com,br/Site/Dinamico/Show/69/Governanca-Corporativa";"Espiríto Santo";"Sudeste";TRUE;FALSE;0
"88";"ES";"Cesan - Companhia Espirito Santense de Saneamento";"ATIVA";"SANEAMENTO";"SOCIEDADE DE ECONOMIA MISTA";"Não Dependente";3098340000;177153000;"SIM";"SIM";"SIM";0;"Sim";1321;371384000;217861000;0;0;0;75115173,89;45228437,74;2477098526,48;155820257,48;155820257;"https://www,cesan,com,br/governanca-corporativa";"Espiríto Santo";"Sudeste";TRUE;FALSE;-75115173,89
"89";"ES";"Ceturb - Companhia Estadual de Transportes Coletivos de Passageiros do Espirito Santo";"ATIVA";"TRANSPORTE";"EMPRESA PÚBLICA";"Não Dependente";5712946,35;-4714996,33;"SIM";"SIM";"NÃO";234500,77;"Não";187;452974,25;38474112,77;0;0;0;689746,67;2361161,47;93473015,36;0;0;"https://ceturb,es,gov,br/missao-visao-e-valores";"Espiríto Santo";"Sudeste";FALSE;FALSE;-689746,67
"90";"ES";"ES GÁS - Companhia de Gás do Espirito Santo";"ATIVA";"GÁS E DERIVADOS";"SOCIEDADE DE ECONOMIA MISTA";"Não Dependente";704705755,53;98142450,31;"SIM";"SIM";"SIM";291720,16;"Não";12;14760000;4488381,44;4307364,37;0;0;0;0;254332619;0;0;"https://esgas,com,br/governanca-corporativa";"Espiríto Santo";"Sudeste";TRUE;FALSE;4307364,37
"91";"GO";"Agência Goiana de Gás Canalizado S/A - GOIASGÁS";"ATIVA";"GÁS E DERIVADOS";"SOCIEDADE DE ECONOMIA MISTA";"Não Dependente";345057,28;-713220,06;"SIM";"SIM";"NÃO";11450;"Não";3;34028,13;333695,66;0;0;0;0;0;0;0;0;"http://www.goiasgas.com.br";"Goiás";"Centro-oeste";FALSE;FALSE;0
"92";"GO";"Agência Goiana de Habitação S/A - AGEHAB";"ATIVA";"HABITAÇÃO E URBANIZAÇÃO";"SOCIEDADE DE ECONOMIA MISTA";"Dependente";19541815,71;9454732,76;"SIM";"SIM";"NÃO";346898,47;"Não";224;6603001,13;29387328,05;0;36703140,13;28495045,4;0;0;187256418,03;0;0;"https://www,agehab,go,gov,br";"Goiás";"Centro-oeste";FALSE;FALSE;-36703140,13
"93";"GO";"CELG Geração e Transmissão S/A - CELG G T (Torna-se subsidiária da CELGPAR)";"ATIVA";"ENERGIA";"SOCIEDADE DE ECONOMIA MISTA";"Não Dependente";0;0;"SIM";"SIM";"SIM";0;"Não";0;0;0;0;0;0;0;0;0;0;0;"http://celgpar.celggt.com";"Goiás";"Centro-oeste";TRUE;FALSE;0
"94";"GO";"Companhia Celg de Participações - CELGPAR";"ATIVA";"ENERGIA";"SOCIEDADE DE ECONOMIA MISTA";"Não Dependente";1586840797,51;169818826,99;"SIM";"SIM";"SIM";599076,54;"Não";37;0;5971220,56;0;0;0;0;0;0;-2786463704,94;0;"http://celgpar,celggt,com";"Goiás";"Centro-oeste";TRUE;FALSE;0
"95";"GO";"Indústria Química do Estado de Goiás - IQUEGO";"ATIVA";"GESTÃO DE ATIVOS";"SOCIEDADE DE ECONOMIA MISTA";"Dependente";5425397,12;6283183,71;"SIM";"SIM";"SIM";284070,02;"Não";67;44018,2;7000577,49;0;10388665,22;1503000;0;0;239994409;0;0;"http://www,iquego,go,gov,br";"Goiás";"Centro-oeste";TRUE;FALSE;-10388665,22
"96";"GO";"Agência de Fomento de Goiás S/A - GOIASFOMENTO";"ATIVA";"FINANCEIRO";"SOCIEDADE DE ECONOMIA MISTA";"Não Dependente";197118258,17;342321,15;"SIM";"SIM";"NÃO";354170,9;"Sim";130;0;24309646,56;0;0;0;4e+06;0;186069209,48;6292252,13999999;6292252,13999999;"http://www,goiasfomento,com";"Goiás";"Centro-oeste";FALSE;FALSE;-4e+06
"97";"GO";"Caixa Econômica do Estado de Goiás - CAIXEGO";"EM LIQUIDAÇÃO";"FINANCEIRO";"EMPRESA PÚBLICA";"Não Dependente";-425197217,7;0;"NÃO";"NÃO";"NÃO";0;"Não";0;0;0;0;0;0;0;0;0;-1,24;0;"http://www.goiasfomento.com";"Goiás";"Centro-oeste";FALSE;FALSE;0
"98";"GO";"Goiás Telecomunicções S/A - GOIAS TELECOM";"ATIVA";"COMUNICAÇÃO";"SOCIEDADE DE ECONOMIA MISTA";"Dependente";-262287,44;545705,22;"SIM";"SIM";"NÃO";240495;"Não";23;24333,86;1841471,12;0;1459074,45;1466949,52;0;4e+07;8999950;0;0;"https://goiastelecom,go,gov,br";"Goiás";"Centro-oeste";FALSE;FALSE;-1459074,45
"99";"GO";"Metrobus Transporte Coletivo S/A - METROBUS";"ATIVA";"TRANSPORTE";"SOCIEDADE DE ECONOMIA MISTA";"Dependente";202506,78;-391602,98;"SIM";"SIM";"NÃO";233012,47;"Não";352;1458228,35;35891821,22;0;39772822,54;17400000;0;0;221702474,55;0;0;"https://www,metrobus,go,gov,br";"Goiás";"Centro-oeste";FALSE;FALSE;-39772822,54
"100";"GO";"Centrais de Abastecimento de Goiás S/A - CEASA/GO";"ATIVA";"ABASTECIMENTO DE ALIMENTOS E OUTROS INSUMOS";"SOCIEDADE DE ECONOMIA MISTA";"Não Dependente";15554129,57;607723,8;"SIM";"SIM";"NÃO";311199,08;"Não";71;541517,88;11846349,75;0;0;0;0;0;19435689,84;0;0;"https://www,ceasa,go,gov,br";"Goiás";"Centro-oeste";FALSE;FALSE;0
"101";"GO";"Companhia de Armazéns e Silos do Estado de Goiás S/A - CASEGO";"EM LIQUIDAÇÃO";"ABASTECIMENTO DE ALIMENTOS E OUTROS INSUMOS";"SOCIEDADE DE ECONOMIA MISTA";"Dependente";30997335,75;6193251,42;"NÃO";"SIM";"NÃO";12000;"Não";0;0;48782,8;0;43200;44020;0;0;82346820;0;0;"http://www,administracao,go,gov,br";"Goiás";"Centro-oeste";FALSE;FALSE;-43200
"102";"GO";"Companhia de Desenvolvimento Econômico de Goiás - CODEGO";"ATIVA";"DESENVOLVIMENTO REGIONAL";"SOCIEDADE DE ECONOMIA MISTA";"Não Dependente";335387912,22;11782739,28;"SIM";"SIM";"SIM";33401,96;"Não";360;0;31014064,31;0;0;0;0;0;410151333;176100925;122022692;"http://www,goiasindustrial,com,br";"Goiás";"Centro-oeste";TRUE;FALSE;0
"103";"GO";"Empresa de Assistência Técnica, Extenção Rural e Pesquisa Agropecuária do Estado de Goiás - EMATER (Baixada em 16/11/2021)";"EM LIQUIDAÇÃO";"PESQUISA E ASSISTÊNCIA TÉCNICA AGROPECUÁRIA";"EMPRESA PÚBLICA";"Dependente";5433217,21;1816651,8;"NÃO";"SIM";"NÃO";8000;"Não";0;0;28800;0;28800;44130;0;0;3616565,41;0;0;"http://www,administracao,go,gov,br";"Goiás";"Centro-oeste";FALSE;FALSE;-28800
"104";"GO";"Empresa Estadual de Processamento de Dados de Goiás - PRODAGO";"EM LIQUIDAÇÃO";"INFORMÁTICA E TECNOLOGIA DA INFORMAÇÃO";"EMPRESA PÚBLICA";"Dependente";-391884841,78;-26791293,35;"NÃO";"SIM";"NÃO";227499,74;"Não";24;0;3112089,86;0;9535223,23;22074438,07;11897502,17;0;23238721,38;11897502,17;0;"http://www,administracao,go,gov,br";"Goiás";"Centro-oeste";FALSE;FALSE;-21432725,4
"105";"GO";"Metais de Goiás S/A - METAGO";"EM LIQUIDAÇÃO";"MINERAÇÃO";"SOCIEDADE DE ECONOMIA MISTA";"Dependente";18382293,48;-4537609,43;"NÃO";"SIM";"NÃO";12000;"Não";0;0;47653,28;0;43200;44130;0;0;54698546,73;0;0;"http://www,administracao,go,gov,br";"Goiás";"Centro-oeste";FALSE;FALSE;-43200
"106";"GO";"Saneamento de Goiás S/A - SANEAGO";"ATIVA";"SANEAMENTO";"SOCIEDADE DE ECONOMIA MISTA";"Não Dependente";3356818;352456;"SIM";"SIM";"SIM";767488,48;"Sim";6993;223779;1109707;534520;0;502000;0;0;2515546000;0;0;"https://www,saneago,com,br";"Goiás";"Centro-oeste";TRUE;FALSE;534520
"107";"GO";"Companhia de Investimento e Parcerias do Estado de Goiás - GOIASPARCERIAS";"ATIVA";"DESENVOLVIMENTO REGIONAL";"SOCIEDADE DE ECONOMIA MISTA";"Não Dependente";229395180,35;1026384,77;"SIM";"SIM";"NÃO";240933,33;"Não";38;0;6058098,38;0;0;0;0;0;347607531,65;-5990000;-6000000,02999997;"https://www.goiasparcerias.go.gov.br";"Goiás";"Centro-oeste";FALSE;FALSE;0
"108";"MA";"Maranhão Parcerias (MAPA)";"ATIVA";"GESTÃO DE ATIVOS";"EMPRESA PÚBLICA";"Dependente";10444954,84;-58145058,41;"SIM";"SIM";"NÃO";258211,8;"Não";585;624831;44961894,55;0;0;0;0;0;75884853,01;75884853,01;0;"https://mapa,ma,gov,br/programas-ou-campanhas/carta-anual";"Maranhão";"Nordeste";FALSE;FALSE;0
"109";"MA";"Empresa Maranhense de Administração Portuária (EMAP)";"ATIVA";"PORTOS E HIDROVIAS";"EMPRESA PÚBLICA";"Não Dependente";644173018;109940936;"SIM";"SIM";"SIM";759561;"Sim";230;48089927;91655655;0;0;0;0;0;370668392;0;0;"https://www,portodoitaqui,com/emap/carta-anual";"Maranhão";"Nordeste";TRUE;FALSE;0
"110";"MA";"Companhia de Saneamento Ambiental do Maranhão (CAEMA)";"ATIVA";"SANEAMENTO";"EMPRESA PÚBLICA";"Não Dependente";907322927;-16280230;"SIM";"SIM";"SIM";34578;"Não";1991;39660257;268000331;0;0;0;114852341;100346304;2249482402;0;0;"https://www,caema,ma,gov,br/index,php/a-caema/governanca/carta-anual";"Maranhão";"Nordeste";TRUE;FALSE;-114852341
"111";"MA";"Companhia Maranhense de Gás (GASMAR)";"ATIVA";"ENERGIA";"SOCIEDADE DE ECONOMIA MISTA";"Não Dependente";18145220,83;34564883,36;"SIM";"SIM";"NÃO";243869;"Sim";59;407995,86;8454592,03;8814045,26;0;0;0;0;7920000;0;0;"https://www,gasmar,com,br/colaborador/TRANSPAR%C3%8ANCIA/8,Relat%C3%B3rio%20de%20Administra%C3%A7%C3%A3o%20GASMAR%202021,pdf";"Maranhão";"Nordeste";FALSE;FALSE;8814045,26
"112";"MA";"Empresa Maranhense de Serviços Hospitalares (EMSERH)";"ATIVA";"SAÚDE";"EMPRESA PÚBLICA";"Dependente";417864192,76;156786744,64;"SIM";"SIM";"SIM";255021,45;"Não";15383;0;589820742,01;0;1615548448,85;1316839067,41;0;0;1e+06;0;0;"http://www,emserh,ma,gov,br/";"Maranhão";"Nordeste";TRUE;FALSE;-1615548448,85
"113";"MT";"COMPANHIA MATOGROSSENSE DE GÁS - MT GÁS";"ATIVA";"GÁS E DERIVADOS";"SOCIEDADE DE ECONOMIA MISTA";"Dependente";11911978;-2806223;"SIM";"SIM";"NÃO";1733373,13;"Não";16;0;2623090;0;0;0;0;0;8500007;0;0;"nan";"Mato Grosso";"Centro-oeste";FALSE;FALSE;0
"114";"MT";"CENTRAL DE ABASTECIMENTO DO ESTADO DE MATO GROSSO - CEASA MT";"ATIVA";"ABASTECIMENTO DE ALIMENTOS E OUTROS INSUMOS";"SOCIEDADE DE ECONOMIA MISTA";"Dependente";55846,15;0;"SIM";"SIM";"NÃO";183636,8;"Não";0;0;886531,39;0;935430,38;1695196,28;0;0;751100;0;0;"nan";"Mato Grosso";"Centro-oeste";FALSE;FALSE;-935430,38
"115";"MT";"AGÊNCIA DE FOMENTO DO ESTADO DE MATO GROSSO S A - DESENVOLVE - MT";"ATIVA";"FINANCEIRO";"SOCIEDADE DE ECONOMIA MISTA";"Não Dependente";132856633;921044;"SIM";"SIM";"NÃO";292242,6;"Não";94;0;10575100;0;0;0;1,09e+08;0;131560547,88;112412551,41;10900000,21;"nan";"Mato Grosso";"Centro-oeste";FALSE;FALSE;-1,09e+08
"116";"MT";"EMPRESA MATOGROSSENSE DE PESQUISA. ASSISTÊNCIA E EXTENSÃO RURAL - EMPAER MT";"ATIVA";"PESQUISA E ASSISTÊNCIA TÉCNICA AGROPECUÁRIA";"EMPRESA PÚBLICA";"Dependente";-77217620,24;5238127,23;"SIM";"SIM";"NÃO";323774,49;"Não";360;0;138491480,19;0;146013517,43;155052104,14;0;0;34889260,76;0;0;"nan";"Mato Grosso";"Centro-oeste";FALSE;FALSE;-146013517,43
"117";"MT";"COMPANHIA MATOGROSSENSE DE MINERAÇÃO - METAMAT";"ATIVA";"MINERAÇÃO";"SOCIEDADE DE ECONOMIA MISTA";"Dependente";61171276;-3647571;"SIM";"SIM";"SIM";328108,28;"Não";75;0;16982505;0;27312642,08;11932666;0;0;61171276;0;0;"nan";"Mato Grosso";"Centro-oeste";TRUE;FALSE;-27312642,08
"118";"MT";"MT PARTICIPAÇÕES E PROJETOS S/A - MT PAR";"ATIVA";"GESTÃO DE ATIVOS";"SOCIEDADE DE ECONOMIA MISTA";"Dependente";40183937,95;979243,19;"SIM";"SIM";"NÃO";803003,68;"Não";69;8897503,13;6308658,92;0;8339515,98;4202115,27;0;0;41200751,25;0;0;"nan";"Mato Grosso";"Centro-oeste";FALSE;FALSE;-8339515,98
"119";"MT";"EMPRESA MATO-GROSSENSE DE TECNOLOGIA DA INFORMAÇÃO - MTI";"ATIVA";"INFORMÁTICA E TECNOLOGIA DA INFORMAÇÃO";"EMPRESA PÚBLICA";"Dependente";29976003,86;12109492,36;"SIM";"SIM";"NÃO";460486;"Não";304;13450000;99064357,32;0;69553088,76;53883553,28;2,7e+07;0;55880438,73;2,7e+07;0;"nan";"Mato Grosso";"Centro-oeste";FALSE;FALSE;-96553088,76
"120";"MT";"COMPANHIA DE SANEAMENTO DO ESTADO DE MATO GROSSO - SANEMAT";"EM LIQUIDAÇÃO";"SANEAMENTO";"SOCIEDADE DE ECONOMIA MISTA";"Dependente";-78637604;-24367492,93;"SIM";"SIM";"NÃO";179358,13;"Não";7;0;1633432,7;0;0;0;0;0;283557904;0;0;"nan";"Mato Grosso";"Centro-oeste";FALSE;FALSE;0
"121";"MS";"EMPRESA DE SERVIÇOS AGROPECUÁRIOS DE MS - AGROSUL";"EM LIQUIDAÇÃO";"PESQUISA E ASSISTÊNCIA TÉCNICA AGROPECUÁRIA";"EMPRESA PÚBLICA";"Dependente";-930486891,76;-60354984,43;"NÃO";"SIM";"NÃO";0;"Não";0;0;0;0;0;0;0;0;0;0;0;"0";"Mato Grosso do Sul";"Centro-oeste";FALSE;FALSE;0
"122";"MS";"EMPRESA DE GESTÃO DE RECURSOS MINERAIS - MS MINERAL";"ATIVA";"MINERAÇÃO";"EMPRESA PÚBLICA";"Dependente";1200930,12;1140665,7;"SIM";"SIM";"SIM";0;"Não";0;0;0;0;23876;23876;0;0;0;0;0;"0";"Mato Grosso do Sul";"Centro-oeste";TRUE;FALSE;-23876
"123";"MS";"EMPRESA DE SANEAMENTO DE MATO GROSSO DO SUL S.A - SANESUL";"ATIVA";"SANEAMENTO";"SOCIEDADE DE ECONOMIA MISTA";"Não Dependente";969090567,03;96442685,7;"SIM";"SIM";"SIM";433898,61;"Sim";1404;117818660,21;162820969,74;0;0;0;47318599,62;0;709744906,2;47318599,62;0;"0";"Mato Grosso do Sul";"Centro-oeste";TRUE;FALSE;-47318599,62
"124";"MS";"CENTRAIS DE ABASTECIMENTO DE MATO GROSSO DO SUL S/A - CEASA/MS";"ATIVA";"ABASTECIMENTO DE ALIMENTOS E OUTROS INSUMOS";"SOCIEDADE DE ECONOMIA MISTA";"Não Dependente";1003376,61;256268,5;"SIM";"SIM";"NÃO";59389,19;"Não";48;145260,4;1523066,33;0;0;0;0;0;0;0;0;"0";"Mato Grosso do Sul";"Centro-oeste";FALSE;FALSE;0
"125";"MS";"LOTESUL - LOTERIAL ESTADUAL DE MS";"ATIVA";"OUTROS";"EMPRESA PÚBLICA";"Não Dependente";0;0;"NÃO";"NÃO";"NÃO";0;"Não";0;0;0;0;0;0;0;0;0;0;0;"0";"Mato Grosso do Sul";"Centro-oeste";FALSE;FALSE;0
"126";"MS";"COMPANHIA DE GAS DO ESTADO DE MATO GROSSO DO SUL";"ATIVA";"GÁS E DERIVADOS";"SOCIEDADE DE ECONOMIA MISTA";"Não Dependente";135629898,99;52258377,5;"SIM";"SIM";"SIM";31707,96;"Sim";85;22424735,51;14284961,61;12508229,05;0;0;0;0;24520800;18005550;18005550;"0";"Mato Grosso do Sul";"Centro-oeste";TRUE;FALSE;12508229,05
"127";"MG";"BANCO DE DESENVOLVIMENTO DE MINAS GERAIS S.A. - BDMG";"ATIVA";"FINANCEIRO";"EMPRESA PÚBLICA";"Não Dependente";2080669385,01;231176845,08;"SIM";"SIM";"SIM";488831,24;"Sim";591;8898087,4;119738516,1;0;0;0;0;105724344,5;1908303319,98;0;0;"https://www,bdmg,mg,gov,br/wp-content/uploads/2022/05/Carta-Anual-Politicas-Publicas-e-Gov,-Corporativa-BDMG_2021,pdf";"Minas gerais";"Sudeste";TRUE;FALSE;0
"128";"MG";"COMPANHIA ENERGÉTICA DE MINAS GERAIS - CEMIG (*)";"ATIVA";"ENERGIA";"SOCIEDADE DE ECONOMIA MISTA";"Não Dependente";19461765503;3752868376,04;"SIM";"SIM";"SIM";1196513,61;"Sim";20942;2,123e+09;62377477,22;112939806,84;0;0;0;0;1442493875;148741380;29748276;"https://www,cemig,com,br/wp-content/uploads/2021/07/Cemig-Carta-Anual-Politicas-Publicas-e-Governanca-2021,pdf";"Minas gerais";"Sudeste";TRUE;FALSE;112939806,84
"129";"MG";"CEMIG DISTRIBUIÇÃO S.A. - CEMIG D";"ATIVA";"ENERGIA";"SOCIEDADE DE ECONOMIA MISTA";"Não Dependente";6942666724,25;1700541453,53;"SIM";"SIM";"SIM";1519903,89;"Sim";19546;1,646e+09;2096888584,91;0;0;0;0;0;0;0;0;"https://www,cemig,com,br/wp-content/uploads/2021/07/Cemig-Carta-Anual-Politicas-Publicas-e-Governanca-2021,pdf";"Minas gerais";"Sudeste";TRUE;FALSE;0
"130";"MG";"CEMIG GERAÇÃO E TRANSMISSÃO S.A. - CEMIG GT";"ATIVA";"ENERGIA";"SOCIEDADE DE ECONOMIA MISTA";"Não Dependente";7755454588,57;871433235,4;"SIM";"SIM";"SIM";1233202,11;"Sim";1341;4,1e+08;500865524,6;0;0;0;0;0;0;0;0;"https://www,cemig,com,br/wp-content/uploads/2021/07/Cemig-Carta-Anual-Politicas-Publicas-e-Governanca-2021,pdf";"Minas gerais";"Sudeste";TRUE;FALSE;0
"131";"MG";"COMPANHIA DE GÁS DE MINAS GERAIS - GASMIG";"ATIVA";"GÁS E DERIVADOS";"SOCIEDADE DE ECONOMIA MISTA";"Não Dependente";1221598911,44;360744535,96;"SIM";"SIM";"SIM";404870,46;"Sim";263;54244119,5;52196107,24;0;0;0;0;0;0;0;0;"https://www,rad,cvm,gov,br/ENET/frmExibirArquivoIPEExterno,aspx?NumeroProtocoloEntrega=956512";"Minas gerais";"Sudeste";TRUE;FALSE;0
"132";"MG";"COMPANHIA DE DESENVOLVIMENTO DE MINAS GERAIS - CODEMGE";"ATIVA";"DESENVOLVIMENTO REGIONAL";"SOCIEDADE DE ECONOMIA MISTA";"Não Dependente";1908137683,76;1060295244,15;"SIM";"SIM";"SIM";551138,3;"Sim";665;31545527,17;99026599,86;421975412,18;0;0;0;0;751085858,98;0;0;"http://www,codemge,com,br/a-codemge/governanca/";"Minas gerais";"Sudeste";TRUE;FALSE;421975412,18
"133";"MG";"COMPANHIA DE DESENVOLVIMENTO ECONÔMICO DE MINAS GERAIS - CODEMIG";"ATIVA";"DESENVOLVIMENTO REGIONAL";"SOCIEDADE DE ECONOMIA MISTA";"Não Dependente";603485349,24;1255618929,31;"SIM";"SIM";"SIM";0;"Não";0;0;4088329,03;694984631,1;0;0;0;0;5028066,57;0;0;"http://www,codemge,com,br/a-codemge/governanca/";"Minas gerais";"Sudeste";TRUE;FALSE;694984631,1
"134";"MG";"COMPANHIA DE HABITAÇÃO DO ESTADO DE MINAS GERAIS - COHAB MINAS";"ATIVA";"HABITAÇÃO E URBANIZAÇÃO";"SOCIEDADE DE ECONOMIA MISTA";"Não Dependente";-127920000;-70281000;"SIM";"SIM";"NÃO";385352,37;"Não";204;0;31015000;0;0;0;7e+06;1,5e+07;77986000;7e+06;7e+06;"http://www,cohab,mg,gov,br/carta-anual-de-politicas-publicas-e-governanca-corporativa/";"Minas gerais";"Sudeste";FALSE;FALSE;-7e+06
"135";"MG";"COPASA SERVIÇOS DE SANEAMENTO INTEGRADO DO NORTE E NORDESTE DE MINAS GERAIS S/A - COPANOR";"ATIVA";"SANEAMENTO";"SOCIEDADE DE ECONOMIA MISTA";"Não Dependente";202181465,73;-12690632,5;"NÃO";"SIM";"NÃO";101656,03;"Não";477;36494964,81;18935487,75;0;0;0;0;0;0;0;0;"https://api,mziq,com/mzfilemanager/v2/d/8bdb3906-0618-4e78-bbe3-a0be9f02d8cc/5fc9954c-d988-0c13-89a7-67662f43a84c?origin=2,";"Minas gerais";"Sudeste";FALSE;FALSE;0
"136";"MG";"COMPANHIA DE SANEAMENTO DE MINAS GERAIS - COPASA MG";"ATIVA";"SANEAMENTO";"SOCIEDADE DE ECONOMIA MISTA";"Não Dependente";6759957765,9;537587197,58;"SIM";"SIM";"SIM";889322,66;"Sim";11199;997973329,24;1685628715,42;179755072,27;0;0;0;0;1702553758,97;0;0;"https://api,mziq,com/mzfilemanager/v2/d/8bdb3906-0618-4e78-bbe3-a0be9f02d8cc/5fc9954c-d988-0c13-89a7-67662f43a84c?origin=2,";"Minas gerais";"Sudeste";TRUE;FALSE;179755072,27
"137";"MG";"EMPRESA DE ASSISTÊNCIA TÉCNICA E EXTENSAO RURAL DO ESTADO DE MINAS GERAIS - EMATER-MG";"ATIVA";"PESQUISA E ASSISTÊNCIA TÉCNICA AGROPECUÁRIA";"EMPRESA PÚBLICA";"Dependente";64585113,41;5583348,88;"SIM";"SIM";"NÃO";378768,91;"Não";2284;6503758,07;276976816,54;0;209963339,26;222661826,24;0;0;48591258,98;0;0;"https://www,emater,mg,gov,br/download,do?id=21592";"Minas gerais";"Sudeste";FALSE;FALSE;-209963339,26
"138";"MG";"EMPRESA MINEIRA DE COMUNICAÇÃO LTDA - EMC";"ATIVA";"COMUNICAÇÃO";"EMPRESA PÚBLICA";"Dependente";35255236,69;-676246,39;"SIM";"SIM";"NÃO";181346,1;"Não";91;0;8411121,2;0;9884914,1;9716829,9;0;0;9115971,33;0;0;"nan";"Minas gerais";"Sudeste";FALSE;FALSE;-9884914,1
"139";"MG";"EMPRESA DE PESQUISA AGROPECUÁRIA DE MINAS GERAIS - EPAMIG";"ATIVA";"PESQUISA E ASSISTÊNCIA TÉCNICA AGROPECUÁRIA";"EMPRESA PÚBLICA";"Dependente";11515051,28;5007961,48;"SIM";"SIM";"NÃO";326649,9;"Não";676;1579959,17;84294304,98;0;88983305,71;91803198,73;0;0;31596840;0;0;"http://www,epamig,br/documentos-institucionais/";"Minas gerais";"Sudeste";FALSE;FALSE;-88983305,71
"140";"MG";"MINAS GERAIS PARTICIPAÇÕES S.A. - MGI";"ATIVA";"GESTÃO DE ATIVOS";"SOCIEDADE DE ECONOMIA MISTA";"Não Dependente";665136773,32;83460222,77;"SIM";"SIM";"SIM";177894,39;"Não";80;0;10522710,7;0;0;0;39741090,96;32602752,82;1224992629,8;38730489,95;0;"https://www,mgipart,com,br/governanca/PoliticasPublicasEGovernancas";"Minas gerais";"Sudeste";TRUE;FALSE;-39741090,96
"141";"MG";"MINAS GERAIS ADMINISTRAÇÃO E SERVIÇOS S.A. - MGS";"ATIVA";"OUTROS";"EMPRESA PÚBLICA";"Não Dependente";138895094,25;46047795,65;"SIM";"SIM";"SIM";437745,33;"Não";24812;197435;53143644,32;10668861,61;0;0;0;6e+07;91396104,12;0;0;"https://www,mgs,srv,br/detalhe-da-materia/info/cartas-anuais/16767";"Minas gerais";"Sudeste";TRUE;FALSE;10668861,61
"142";"MG";"TREM METROPOLITANO DE BELO HORIZONTE S.A - METROMINAS";"ATIVA";"TRANSPORTE";"EMPRESA PÚBLICA";"Não Dependente";99299;-1029760;"SIM";"SIM";"NÃO";179338,61;"Não";1;0;179339;0;0;0;210000;1042618;2365310;210000;210000;"nan";"Minas gerais";"Sudeste";FALSE;FALSE;-210000
"143";"MG";"COMPANHIA DE TECNOLOGIA DA INFORMAÇÃO DO ESTADO DE MINAS GERAIS - PRODEMGE";"ATIVA";"INFORMÁTICA E TECNOLOGIA DA INFORMAÇÃO";"SOCIEDADE DE ECONOMIA MISTA";"Não Dependente";104680934,8;33014592;"SIM";"SIM";"SIM";354000;"Não";1024;11568150;148078919,07;0;0;0;0;0;96481395;10694;10694;"https://www,prodemge,gov,br/governanca/carta-anual";"Minas gerais";"Sudeste";TRUE;FALSE;0
"144";"PR";"Instituto de Tecnologia do Paraná - TECPAR";"ATIVA";"SAÚDE";"EMPRESA PÚBLICA";"Não Dependente";44759749,15;-72873090,19;"SIM";"SIM";"SIM";319280,28;"Não";326;592290,74;41438446,44;0;0;0;0;0;0;-95965137,08;0;"nan";"Paraná";"Sul";TRUE;FALSE;0
"145";"PR";"Companhia de Saneamento do Estado do Paraná - SANEPAR";"ATIVA";"SANEAMENTO";"SOCIEDADE DE ECONOMIA MISTA";"Não Dependente";7826341484,92;1177630689,25;"SIM";"SIM";"SIM";923314,51;"Sim";6281;1320162486,26;1074986289,16;55661009,76;0;0;0;0;4e+09;0;-4941;"https://ri,sanepar,com,br/governanca-corporativa/praticas-de-governanca-corporativa/";"Paraná";"Sul";TRUE;FALSE;55661009,76
"146";"PR";"Agência de Fomento do Paraná S/A";"ATIVA";"FINANCEIRO";"SOCIEDADE DE ECONOMIA MISTA";"Não Dependente";1986681132,01;81340678,69;"SIM";"SIM";"SIM";495090,56;"Sim";196;112170,5;38276830,62;2330636,62;0;0;73114000;80330000;1646774000;73114000;73114;"https://www,fomento,pr,gov,br/sites/default/arquivos_restritos/files/documento/2021-07/carta_anual_de_governanca_-_2019-2020,pdf";"Paraná";"Sul";TRUE;FALSE;-70783363,38
"147";"PR";"Estrada de Ferro Paraná Oeste S/A";"ATIVA";"TRANSPORTE";"SOCIEDADE DE ECONOMIA MISTA";"Não Dependente";291054402,92;20783426,19;"SIM";"SIM";"NÃO";181999,79;"Não";129;0;7938252,87;0;0;0;0;0;406813516,67;0;0;"nan";"Paraná";"Sul";FALSE;FALSE;0
"148";"PR";"Companhia Paranaense de Energia - COPEL";"ATIVA";"ENERGIA";"SOCIEDADE DE ECONOMIA MISTA";"Não Dependente";22175239287,97;5048599696,83;"SIM";"SIM";"SIM";520699,26;"Sim";6396;6567918;1799626544,22;1175593036,61;0;0;0;0;1,08e+10;0;-11684;"https://api,mziq,com/mzfilemanager/v2/d/16a31b1b-5ecd-4214-a2e0-308a2393e330/5ff091e2-9b89-f72d-27ac-e15f2fd93356?origin=1";"Paraná";"Sul";TRUE;FALSE;1175593036,61
"149";"PR";"Companhia de Habitação do Paraná - COHAPAR";"ATIVA";"HABITAÇÃO E URBANIZAÇÃO";"SOCIEDADE DE ECONOMIA MISTA";"Dependente";1121532671,3;-96683542,16;"SIM";"SIM";"NÃO";534776,44;"Não";354;83780694,84;72003107,57;0;65743003,21;69541857,41;0;0;1355068585;0;0;"nan";"Paraná";"Sul";FALSE;FALSE;-65743003,21
"150";"PR";"Companhia de Tecnologia da INformação e Comunicação do Paraná - CELEPAR";"ATIVA";"INFORMÁTICA E TECNOLOGIA DA INFORMAÇÃO";"EMPRESA PÚBLICA";"Não Dependente";167653465;19333199;"SIM";"SIM";"SIM";324727,48;"Não";1083;22448493;170656995,25;0;0;0;0;0;1e+08;0;0;"nan";"Paraná";"Sul";TRUE;FALSE;0
"151";"PR";"Centrais de Abastecimento do Paraná S/A - CEASA";"ATIVA";"ABASTECIMENTO DE ALIMENTOS E OUTROS INSUMOS";"SOCIEDADE DE ECONOMIA MISTA";"Não Dependente";137751255,22;7653120,3;"SIM";"SIM";"NÃO";23238;"Não";55;8175765,59;15093889,64;0;0;0;0;2500000;30830825;0;0;"nan";"Paraná";"Sul";FALSE;FALSE;0
"152";"PR";"Administração dos Portos de Paranaguá e Antonina - APPA";"ATIVA";"PORTOS E HIDROVIAS";"EMPRESA PÚBLICA";"Não Dependente";1086443861,38;25476000;"SIM";"SIM";"SIM";467723,62;"Não";526;105899864,55;119777087,12;0;0;0;0;0;1086443861,38;0;0;"nan";"Paraná";"Sul";TRUE;FALSE;0
"153";"PB";"Companhia Paraibana de Gás";"ATIVA";"ENERGIA";"SOCIEDADE DE ECONOMIA MISTA";"Não Dependente";70182854;6858891;"SIM";"SIM";"SIM";255364,35;"Sim";105;9137742;17734350,71;67612,38;0;0;0;0;58028275,38;313702,850000001;1520;"https://pbgas,com,br/portal-da-transparencia/";"Paraíba";"Nordeste";TRUE;FALSE;67612,38
"154";"PB";"Companhia de Água e Esgotos da Paraíba";"ATIVA";"SANEAMENTO";"SOCIEDADE DE ECONOMIA MISTA";"Não Dependente";1097333000;172265000;"SIM";"SIM";"SIM";692217,51;"Não";2778;86164942,69;4114780;0;0;0;21069000;3420000;906938000;173590000;263019956281;"https://www,cagepa,pb,gov,br/carta-anual/";"Paraíba";"Nordeste";TRUE;FALSE;-21069000
"155";"PB";"Companhia de Processamento de Dados da Paraíba";"ATIVA";"INFORMÁTICA E TECNOLOGIA DA INFORMAÇÃO";"SOCIEDADE DE ECONOMIA MISTA";"Não Dependente";1736271,86;-3805861,95;"SIM";"SIM";"NÃO";402600,75;"Não";207;1275105,27;24726339,73;0;0;0;0;0;68623051,19;0;0;"Não tem";"Paraíba";"Nordeste";FALSE;FALSE;0
"156";"PB";"Empresa Estadual de Pesquisa Agropecuária";"EM LIQUIDAÇÃO";"PESQUISA E ASSISTÊNCIA TÉCNICA AGROPECUÁRIA";"EMPRESA PÚBLICA";"Dependente";5230553;661189;"SIM";"SIM";"NÃO";0;"Não";0;0;0;0;0;0;0;0;1182563;0;0;"Não tem";"Paraíba";"Nordeste";FALSE;FALSE;0
"157";"PB";"Empresa de Assistência Técnica e Extensão Rural da Paraíba";"EM LIQUIDAÇÃO";"PESQUISA E ASSISTÊNCIA TÉCNICA AGROPECUÁRIA";"EMPRESA PÚBLICA";"Dependente";1233539,2;370067,82;"SIM";"SIM";"NÃO";0;"Não";0;0;0;0;0;0;0;0;3111,66;0;0;"Não tem";"Paraíba";"Nordeste";FALSE;FALSE;0
"158";"PB";"Empresa Paraibana de Comunicação";"ATIVA";"COMUNICAÇÃO";"EMPRESA PÚBLICA";"Dependente";22544077,87;2141087,84;"SIM";"SIM";"NÃO";178000;"Não";286;569785,87;9909672,02;0;4364457,04;3336570,64;0;0;14446242,61;-3927889,43;-3927889,43;"Não tem";"Paraíba";"Nordeste";FALSE;FALSE;-4364457,04
"159";"PB";"Empresa Paraibana de Turismo S/A";"ATIVA";"TURISMO";"SOCIEDADE DE ECONOMIA MISTA";"Dependente";2287630,5;-49311,15;"SIM";"SIM";"NÃO";133546,67;"Não";53;87636,28;1278221,74;0;2823411,77;2215216,66;0;0;6451519,03;0;0;"https://www,pbtur,pb,gov,br/";"Paraíba";"Nordeste";FALSE;FALSE;-2823411,77
"160";"PB";"PBTUR Hotéis S/A";"ATIVA";"TURISMO";"SOCIEDADE DE ECONOMIA MISTA";"Dependente";9821311,65;-891187,97;"SIM";"SIM";"NÃO";17650,65;"Não";1;0;46076,38;0;50494,83;73364,31;0;0;15790670,21;0;0;"https://www.pbtur.pb.gov.br/";"Paraíba";"Nordeste";FALSE;FALSE;-50494,83
"161";"PB";"Empresa Paraibana de Abastecimento e Serviços Agrícolas";"EM LIQUIDAÇÃO";"ABASTECIMENTO DE ALIMENTOS E OUTROS INSUMOS";"EMPRESA PÚBLICA";"Dependente";-11858124,71;0;"NÃO";"NÃO";"NÃO";0;"Não";0;0;0;0;0;0;0;0;15820227;0;0;"Não tem";"Paraíba";"Nordeste";FALSE;FALSE;0
"162";"PB";"Empresa Paraibana de Pesquisa. Extensão Rural e Regularização Fundiária";"ATIVA";"PESQUISA E ASSISTÊNCIA TÉCNICA AGROPECUÁRIA";"EMPRESA PÚBLICA";"Dependente";1235280,58;714919,25;"SIM";"SIM";"NÃO";280825,49;"Não";937;1008647,97;92099954,57;0;123625670,57;121560125,27;0;0;473250,35;473250,35;0;"https://empaer,pb,gov,br/Sevicos";"Paraíba";"Nordeste";FALSE;FALSE;-123625670,57
"163";"PB";"Companhia Docas da Paraíba";"ATIVA";"PORTOS E HIDROVIAS";"SOCIEDADE DE ECONOMIA MISTA";"Não Dependente";52159890;65851;"SIM";"SIM";"NÃO";226905,55;"Não";101;0;2943274,87;0;0;0;0;0;1085137;0;0;"Não tem";"Paraíba";"Nordeste";FALSE;FALSE;0
"164";"PB";"Companhia de Desenvolvimento da Paraíba";"ATIVA";"DESENVOLVIMENTO REGIONAL";"SOCIEDADE DE ECONOMIA MISTA";"Dependente";37596086,91;23308248,17;"SIM";"SIM";"NÃO";240472,93;"Não";78;621300,78;5259637,42;0;4935372,82;4394926,43;0;0;2e+06;0;0;"Não tem";"Paraíba";"Nordeste";FALSE;FALSE;-4935372,82
"165";"PB";"Companhia de Desenvolvimento de Recursos Minerais da Paraíba";"EM LIQUIDAÇÃO";"MINERAÇÃO";"SOCIEDADE DE ECONOMIA MISTA";"Dependente";73709;0;"NÃO";"NÃO";"NÃO";0;"Não";0;0;0;0;0;0;0;0;73709;0;0;"Não tem";"Paraíba";"Nordeste";FALSE;FALSE;0
"166";"PB";"Laboratório Industrial Farmacêutico do Estado da Paraíba S/A";"ATIVA";"SAÚDE";"SOCIEDADE DE ECONOMIA MISTA";"Dependente";213870;-537558,49;"SIM";"SIM";"NÃO";62400;"Não";14;0;589851,64;0;0;0;0;0;201000;0;0;"Não tem";"Paraíba";"Nordeste";FALSE;FALSE;0
"167";"PB";"Companhia Estadual de Habitação Popular";"ATIVA";"HABITAÇÃO E URBANIZAÇÃO";"SOCIEDADE DE ECONOMIA MISTA";"Dependente";28549048,61;360195;"SIM";"SIM";"NÃO";252432;"Não";245;5889942,46;11885405,8;0;22525164;17604888;360830,23;1954213,45;237996459,2;360830,199999988;360831;"Não tem";"Paraíba";"Nordeste";FALSE;FALSE;-22885994,23
"168";"PA";"BANCO DO ESTADO DO PARÁ";"ATIVA";"FINANCEIRO";"SOCIEDADE DE ECONOMIA MISTA";"Não Dependente";1638697624,49;241285177,62;"SIM";"SIM";"SIM";345591,63;"Sim";2605;25904916,38;412837032,71;98603680,45;0;0;0;0;1472778726,04;172417306,94;0;"nan";"Pará";"Norte";TRUE;FALSE;98603680,45
"169";"PA";"COMP. ADM. DA ZONA DE PROCESSAMNETO DE EXP. DE BARCARENA";"ATIVA";"DESENVOLVIMENTO REGIONAL";"SOCIEDADE DE ECONOMIA MISTA";"Não Dependente";24662174,91;36032,5;"SIM";"SIM";"NÃO";0;"Não";0;0;0;0;0;0;0;0;28487875;0;0;"nan";"Pará";"Norte";FALSE;FALSE;0
"170";"PA";"COMP. DE DESENVOLVIMENTO ECONÔMICO DO PARÁ";"ATIVA";"DESENVOLVIMENTO REGIONAL";"SOCIEDADE DE ECONOMIA MISTA";"Dependente";59313914,85;1673398,68;"SIM";"SIM";"NÃO";224420,34;"Não";60;1198803,05;5753909,09;0;4868813,61;5023115,11;0;0;22565720,65;0;0;"https://www,codec,pa,gov,br/wp-content/uploads/2021/06/CARTA-ANUAL-DE-POL%C3%8DTICAS-P%C3%9ABLICAS-FINAL-compactado,pdf";"Pará";"Norte";FALSE;FALSE;-4868813,61
"171";"PA";"COMPANHIA DE SANEAMENTO DO PARÁ";"ATIVA";"SANEAMENTO";"SOCIEDADE DE ECONOMIA MISTA";"Não Dependente";641300513,21;125653656,77;"SIM";"SIM";"NÃO";29442,75;"Não";1808;173949225,55;213419761,67;0;0;0;269452714,94;405636903,43;2,3e+09;0;0;"WWW,COSANPA,PA,GOV,BR";"Pará";"Norte";FALSE;FALSE;-269452714,94
"172";"PA";"CENTRAIS DE ABASTECIMENTO DO PARÁ S.A";"ATIVA";"ABASTECIMENTO DE ALIMENTOS E OUTROS INSUMOS";"SOCIEDADE DE ECONOMIA MISTA";"Dependente";20947626,13;1471626,96;"SIM";"SIM";"SIM";4827150,62;"Não";75;0;4827150,62;0;11033055,23;9578133,45;0;0;3833847,05;0;0;"nan";"Pará";"Norte";TRUE;FALSE;-11033055,23
"173";"PA";"COMPANHIA DE HABITAÇÃO DO ESTADO DO PARÁ";"ATIVA";"HABITAÇÃO E URBANIZAÇÃO";"SOCIEDADE DE ECONOMIA MISTA";"Dependente";115064218,47;353528,77;"SIM";"SIM";"NÃO";328829,15;"Não";301;3884658,87;43404829,53;0;78743133,49;56234838,54;0;0;89804780,66;0;0;"nan";"Pará";"Norte";FALSE;FALSE;-78743133,49
"174";"PA";"COMPANHIA DE PORTOS E HIDROVIAS DO ESTADO DO PARÁ";"ATIVA";"TRANSPORTE";"EMPRESA PÚBLICA";"Dependente";138099269,12;41753006,75;"SIM";"SIM";"SIM";258276;"Não";52;51965870,2;3925793,16;0;61571597,5;27115449,95;0;0;2600000;0;0;"nan";"Pará";"Norte";TRUE;FALSE;-61571597,5
"175";"PA";"EMPRESA DE ASSISTÊNCIA TÉCNICA E EXTENSÃO RURAL";"ATIVA";"PESQUISA E ASSISTÊNCIA TÉCNICA AGROPECUÁRIA";"EMPRESA PÚBLICA";"Dependente";29576530,03;3789908,17;"SIM";"SIM";"NÃO";275515,67;"Não";930;615771,34;105120038,13;0;128089913,94;120150086,32;0;0;4e+06;0;0;"https://www,emater,pa,gov,br/storage/app/media/4_%20CARTA%20ANUAL2022,pdf";"Pará";"Norte";FALSE;FALSE;-128089913,94
"176";"PA";"COMPANHIA DE GÁS DO PARÁ";"ATIVA";"GÁS E DERIVADOS";"SOCIEDADE DE ECONOMIA MISTA";"Não Dependente";528000;2895;"SIM";"SIM";"NÃO";192000;"Não";15;1013769;1017129;0;0;0;0;0;382500;229500;0;"https://gasdopara.com.br/transparencia-publica/carta-anual-de-governanca";"Pará";"Norte";FALSE;FALSE;0
"177";"PA";"EMPRESA DE PROCESSAMNETO DE DADOS";"ATIVA";"INFORMÁTICA E TECNOLOGIA DA INFORMAÇÃO";"EMPRESA PÚBLICA";"Dependente";21657505,46;0;"SIM";"SIM";"NÃO";288821,2;"Não";328;21657505,46;64746687,1;0;81713947,91;57490917,96;0;0;29081412,99;0;0;"nan";"Pará";"Norte";FALSE;FALSE;-81713947,91
"178";"PE";"AGENCIA DE DESENVOLVIMENTO ECONÔMICO DE PERNAMBUCO S/A - ADEPE";"ATIVA";"DESENVOLVIMENTO REGIONAL";"SOCIEDADE DE ECONOMIA MISTA";"Não Dependente";183872800;17798389,44;"SIM";"SIM";"NÃO";152109,25;"Não";311;0;24761575,07;0;0;0;0;0;35862477;0;0;"https://www,addiper,pe,gov,br/wp-content/uploads/2022/04/Carta-Anual-de-Pol%c3%adticas-P%c3%bablicas-e-Governan%c3%a7a-Corporativa-2022,pdf";"Pernambuco";"Nordeste";FALSE;FALSE;0
"179";"PE";"AGENCIA DE FOMENTO DO ESTADO DE PERNAMBUCO S.A. - AGE";"ATIVA";"FINANCEIRO";"SOCIEDADE DE ECONOMIA MISTA";"Não Dependente";55154542,01;-4070246,74;"SIM";"SIM";"NÃO";186533,33;"Não";69;0;5685903,28;0;0;0;6500000;6400000;78310010;6500000;6500000;"http://www,age,pe,gov,br/governancacorporativa";"Pernambuco";"Nordeste";FALSE;FALSE;-6500000
"180";"PE";"COMPANHIA ESTADUAL DE HABITAÇÃO E OBRAS - CEHAB";"ATIVA";"HABITAÇÃO E URBANIZAÇÃO";"SOCIEDADE DE ECONOMIA MISTA";"Dependente";29525243;-9751725;"SIM";"SIM";"NÃO";101799,02;"Não";256;64904245,04;8643548,41;0;64291472,35;57119174,9;0;0;472970;0;0;"http://www,cehab,pe,gov,br/web/cehab/67";"Pernambuco";"Nordeste";FALSE;FALSE;-64291472,35
"181";"PE";"COMPANHIA EDITORA DE PERNAMBUCO - CEPE";"ATIVA";"COMUNICAÇÃO";"SOCIEDADE DE ECONOMIA MISTA";"Não Dependente";54475832;-116528;"SIM";"SIM";"NÃO";205149,7;"Não";452;276507,44;13423217;0;0;0;0;0;66570000;0;0;"https://www,cepe,com,br/uploads/2022/04/29/626bdc542401a,carta-anual-de-polticas-pblicas-e-governana-corporativa-2021,pdf";"Pernambuco";"Nordeste";FALSE;FALSE;0
"182";"PE";"COMPANHIA PERNAMBUCANA DE SANEAMENTO - COMPESA";"ATIVA";"SANEAMENTO";"SOCIEDADE DE ECONOMIA MISTA";"Não Dependente";7145236043,37;246917084,3;"SIM";"SIM";"SIM";531631,6;"Não";6154;632718830,9;516080905,01;30045511,81;0;0;328395666,13;281033687,31;6491120232,93;789786605,06;20980466;"https://servicos,compesa,com,br/wp-content/uploads/2022/04/Carta-Anual-de-Politicas-Publicas-e-Governanca-Corporativa_2022,pdf";"Pernambuco";"Nordeste";TRUE;FALSE;-298350154,32
"183";"PE";"COMPANHIA PERNAMBUCANA DE GÁS - COPERGÁS";"ATIVA";"GÁS E DERIVADOS";"SOCIEDADE DE ECONOMIA MISTA";"Não Dependente";410113938,3;194912505,28;"SIM";"SIM";"SIM";348339,45;"Sim";191;57320184,43;35776240,8;59375240,8;0;0;0;0;220527578,6;12914649,09;9574208;"https://www,copergas,com,br/wp-content/uploads/2018/07/Carta-Anual-de-Pol--ticas-P--blicas-e-Governan--a-Corporativa-2022,pdf";"Pernambuco";"Nordeste";TRUE;FALSE;59375240,8
"184";"PE";"CONSORCIO DE TRANSPORTES DA REGIAO METROPOLITANA DO RECIFE - CTM";"ATIVA";"TRANSPORTE";"EMPRESA PÚBLICA";"Dependente";-180552941;-9516631,87;"NÃO";"SIM";"NÃO";310632,77;"Não";1204;171666,83;147262769,44;0;377998493,14;186430862,27;0;0;575700;0;0;"https://www,granderecife,pe,gov,br/sitegrctm/wp-content/uploads/2022/05/Carta-Anual,2022,pdf";"Pernambuco";"Nordeste";FALSE;FALSE;-377998493,14
"185";"PE";"EMPRESA DE TURISMO DE PERNAMBUCO GOVERNADOR EDUARDO CAMPOS - EMPETUR";"ATIVA";"TURISMO";"SOCIEDADE DE ECONOMIA MISTA";"Dependente";210174707,13;-6752486,8;"SIM";"SIM";"NÃO";372372;"Não";527;73440,95;24495217,07;0;62645295,63;82461364,96;0;0;72065680,99;0;0;"http://www,setur,pe,gov,br/c/document_library/get_file?p_l_id=44898563&folderId=44901001&name=DLFE-516204,pdf";"Pernambuco";"Nordeste";FALSE;FALSE;-62645295,63
"186";"PE";"EMPRESA PERNAMBUCO DE COMUNICAÇÃO S/A - EPC";"ATIVA";"COMUNICAÇÃO";"EMPRESA PÚBLICA";"Dependente";5635405;-797873,94;"SIM";"SIM";"NÃO";126908,31;"Não";83;0;2952698,5;0;3120616,56;2675380,5;0;0;3488600;0;0;"https://portalepc,com,br/wp-content/uploads/2022/04/Carta-Anual-de-Pol%C3%ADticas-P%C3%BAblicas-e-Governan%C3%A7a-Corporativa-2021,pdf";"Pernambuco";"Nordeste";FALSE;FALSE;-3120616,56
"187";"PE";"EMPRESA PERNAMBUCANA DE TRANSPORTE COLETIVO INTERMUNICIPAL - EPTI";"ATIVA";"TRANSPORTE";"EMPRESA PÚBLICA";"Dependente";4755171,27;1272052;"SIM";"SIM";"NÃO";106308,01;"Não";28;272043,58;2346298;0;2094362;2435520;0;0;0;0;0;"https://www,epti,pe,gov,br/carta-anual-de-politicas-publicas-e-governanca-corporativa/";"Pernambuco";"Nordeste";FALSE;FALSE;-2094362
"188";"PE";"INSTITUTO AGRONÔMICO DE PERNAMBUCO - IPA";"ATIVA";"PESQUISA E ASSISTÊNCIA TÉCNICA AGROPECUÁRIA";"EMPRESA PÚBLICA";"Dependente";32165788;-2374982;"SIM";"SIM";"NÃO";195865,93;"Não";1196;6876378,15;74283525,23;0;105281370,95;95257616,53;0;0;25601618;0;0;"https://site,ipa,br/transparencia/";"Pernambuco";"Nordeste";FALSE;FALSE;-105281370,95
"189";"PE";"LABORATÓRIO FARMACÊUTICO DO ESTADO DE PE GOV. MIGUEL ARRAES S/A - LAFEPE";"ATIVA";"SAÚDE";"SOCIEDADE DE ECONOMIA MISTA";"Não Dependente";204912379;40980847;"SIM";"SIM";"SIM";281766,92;"Sim";647;7806289;41059627,11;1,5e+07;0;0;0;0;87989242;0;0;"https://www,lafepe,pe,gov,br/wp-content/uploads/2022/04/CARTA-ANUAL-DE-POLITICAS-PUBLICAS-E-GOVERNANCA-CORPORATIVA-EXERCICIO-2021_FINALIZADO,pdf";"Pernambuco";"Nordeste";TRUE;FALSE;1,5e+07
"190";"PE";"PERNAMBUCO PARTICIPAÇÕES E INVESTIMENTOS S.A. - PERPART";"ATIVA";"GESTÃO DE ATIVOS";"SOCIEDADE DE ECONOMIA MISTA";"Dependente";-286828822,58;5495691,59;"SIM";"SIM";"NÃO";193091,63;"Não";331;4719,5;71296576,39;0;94112676,55;87813815,56;4486929,69;6594960,28;434913326,38;6594960,27999997;6595;"https://www,perpart,pe,gov,br/wp-content/uploads/2022/04/Carta-Anual-de-Politicas-Publicas-e-Governanca-Corporat-iva-Perpart-2022,pdf";"Pernambuco";"Nordeste";FALSE;FALSE;-98599606,24
"191";"PE";"PORTO DO RECIFE S/A";"ATIVA";"PORTOS E HIDROVIAS";"SOCIEDADE DE ECONOMIA MISTA";"Não Dependente";9170819,33;-19855930,66;"SIM";"SIM";"NÃO";259544,69;"Não";193;135757,52;15564145,87;0;0;0;4500000;13491300;201362946;13491300;13491300;"https://www,portodorecife,pe,gov,br/images/galeria/paginas/zljb-2021__carta_anual_de_politicas_publicas_e_governanca_corpotativa,pdf";"Pernambuco";"Nordeste";FALSE;FALSE;-4500000
"192";"PE";"SUAPE - COMPLEXO INDUSTRIAL PORTUARIO GOVERNADOR ERALDO GUEIROS";"ATIVA";"PORTOS E HIDROVIAS";"EMPRESA PÚBLICA";"Não Dependente";3240525413,74;64808508,57;"SIM";"SIM";"SIM";467032,9;"Sim";638;71218903,58;68318024,43;0;0;0;2531704,05;2324673,42;1583078289,42;2531704,05000019;2531704;"https://www,suape,pe,gov,br/images/institucional/lei-13303/Carta-Anual-de-Politicas-Publicas-_Compromissos_-e-Governanca-Coporativa_1_1,pdf";"Pernambuco";"Nordeste";TRUE;FALSE;-2531704,05
"193";"PI";"Agência de Fomento e Desenvolvimento do Estado do Piauí S.A - PIAUÍ FOMENTO";"ATIVA";"FINANCEIRO";"SOCIEDADE DE ECONOMIA MISTA";"Não Dependente";32083866,31;-1314979,23;"SIM";"SIM";"SIM";151150;"Não";20;30155000;1342110,7;0;0;0;15803160;10002000;40807560;15803160;1580000;"http://www,fomento,pi,gov,br/cartaanual/";"Piauí";"Nordeste";TRUE;FALSE;-15803160
"194";"PI";"ÁGUAS E ESGOTOS DO PIAUÍ SA";"ATIVA";"SANEAMENTO";"SOCIEDADE DE ECONOMIA MISTA";"Não Dependente";-1068937017,25;-143908859,35;"SIM";"SIM";"SIM";447473,04;"Não";1038;15064000,37;238192840,05;0;107361110;17993666;34408805;34408805;621910776;0;1318978;"nan";"Piauí";"Nordeste";TRUE;FALSE;-141769915
"195";"PI";"COMPANHIA DE TERMINAIS ALFANDEGADOS DO PIAUI - PORTO-PI";"ATIVA";"PORTOS E HIDROVIAS";"SOCIEDADE DE ECONOMIA MISTA";"Dependente";671458,5;-1366464,65;"SIM";"SIM";"SIM";117000;"Não";14;0;1029653,45;0;1500000;0;0;0;97500;97500;0;"nan";"Piauí";"Nordeste";TRUE;FALSE;-1500000
"196";"PI";"COMPANHIA METROPOLITANA DE TRANSPORTE PÚBLICO";"ATIVA";"TRANSPORTE";"SOCIEDADE DE ECONOMIA MISTA";"Dependente";1697336,84;1330593,53;"SIM";"SIM";"NÃO";168400;"Não";71;157560;4478895,47;0;6825000;6108000;0;0;0;0;0;"nan";"Piauí";"Nordeste";FALSE;FALSE;-6825000
"197";"PI";"EMPRESA DE GESTÃO DE RECURSOS DO ESTADO DO PIAUÍ S/A.";"ATIVA";"GESTÃO DE ATIVOS";"SOCIEDADE DE ECONOMIA MISTA";"Dependente";81369595,63;5591278,26;"SIM";"SIM";"NÃO";445178,56;"Não";635;0;71465643,26;0;105142762,17;95932389,64;0;0;125885754,92;0;0;"nan";"Piauí";"Nordeste";FALSE;FALSE;-105142762,17
"198";"PI";"COMPANHIA ADMINISTRADORA DA ZONA DE PROCESSAMENTO DE EXPORTAÇÃO DE PARNAÍBA-PI S/A";"ATIVA";"DESENVOLVIMENTO REGIONAL";"SOCIEDADE DE ECONOMIA MISTA";"Não Dependente";9714109,39;-4686649,51;"SIM";"SIM";"NÃO";151666,67;"Não";43;9873903,72;2878880,68;0;0;0;4161529,72;3093241,24;20770626,71;4161529,72;0;"nan";"Piauí";"Nordeste";FALSE;FALSE;-4161529,72
"199";"PI";"COMPANHIA DE GÁS DO PIAUI - GASPISA";"ATIVA";"GÁS E DERIVADOS";"SOCIEDADE DE ECONOMIA MISTA";"Não Dependente";42262,73;-7755,33;"SIM";"SIM";"NÃO";80000;"Não";5;13119,9;533137,75;0;0;0;191250;191250;3124432;191250;822913,8;"nan";"Piauí";"Nordeste";FALSE;FALSE;-191250
"200";"RN";"COMPANHIA DE AGUAS E ESGOTOS DO RIO GRANDE DO NORTE";"ATIVA";"SANEAMENTO";"SOCIEDADE DE ECONOMIA MISTA";"Não Dependente";2337242219,83;58032974,94;"SIM";"SIM";"SIM";480875,81;"Sim";2064;131489129,9;262346889,37;11581915,7;0;0;0;0;1396762510,4;0;0;"https://caern,com,br/#/carta-de-servicos";"Rio Grande do Norte";"Nordeste";TRUE;FALSE;11581915,7
"201";"RN";"CEHAB - COMPANHIA ESTADUAL DE HABITACAO E DESENVOLVIMENTO URBANO";"ATIVA";"HABITAÇÃO E URBANIZAÇÃO";"SOCIEDADE DE ECONOMIA MISTA";"Dependente";14901976;-2145103,57;"SIM";"SIM";"NÃO";99139,69;"Não";28;1355089,62;1864681,7;0;0;0;0;0;0;0;0;"nan";"Rio Grande do Norte";"Nordeste";FALSE;FALSE;0
"202";"RN";"AGENCIA DE FOMENTO DO RIO GRANDE DO NORTE S/A";"ATIVA";"FINANCEIRO";"SOCIEDADE DE ECONOMIA MISTA";"Não Dependente";52998071;2081948;"SIM";"SIM";"NÃO";63529;"Não";50;53809;8125525;0;0;0;0;0;49142782;0;0;"http://www,adcon,rn,gov,br/ACERVO/agn/DOC/DOC000000000270820,PDF";"Rio Grande do Norte";"Nordeste";FALSE;FALSE;0
"203";"RN";"COMPANHIA POTIGUAR DE GÁS";"ATIVA";"GÁS E DERIVADOS";"SOCIEDADE DE ECONOMIA MISTA";"Não Dependente";79947678,65;15857565,39;"SIM";"SIM";"SIM";389965,33;"Sim";62;7769994,02;14998354,72;7873056,97;0;0;0;0;57012127,88;1556573,62;0;"nan";"Rio Grande do Norte";"Nordeste";TRUE;FALSE;7873056,97
"204";"RN";"Centrais de Abastecimento do Rio Grande do Norte S/A";"ATIVA";"ABASTECIMENTO DE ALIMENTOS E OUTROS INSUMOS";"SOCIEDADE DE ECONOMIA MISTA";"Dependente";1691272;361239;"SIM";"SIM";"NÃO";175077;"Não";108;0;8068306;0;7083705;7078128;0;0;2165209;0;0;"http://adcon,rn,gov,br/ACERVO/ceasa/DOC/DOC000000000244794,PDF";"Rio Grande do Norte";"Nordeste";FALSE;FALSE;-7083705
"205";"RN";"EMPRESA DE PESQUISA AGROPECUÁRIA DO RN - EMPARN";"ATIVA";"PESQUISA E ASSISTÊNCIA TÉCNICA AGROPECUÁRIA";"EMPRESA PÚBLICA";"Dependente";-3629858,05;-646074,94;"SIM";"SIM";"NÃO";263666,64;"Não";89;0;15203257,57;0;16032418,05;15532094,69;0;0;863889;0;0;"nan";"Rio Grande do Norte";"Nordeste";FALSE;FALSE;-16032418,05
"206";"RN";"Empresa Gestora de Ativos - EMGERN";"ATIVA";"GESTÃO DE ATIVOS";"EMPRESA PÚBLICA";"Não Dependente";79059,83;0;"SIM";"SIM";"NÃO";13376,09;"Não";24;0;1744804,97;0;0;0;0;0;0;0;0;"http://www.adcon.rn.gov.br/ACERVO/EMGERN/DOC/DOC000000000274950.PDF";"Rio Grande do Norte";"Nordeste";FALSE;FALSE;0
"207";"RN";"COMPANHIA DE PROCESSAMENTO DE DADOS DO RN - DATANORTE";"ATIVA";"HABITAÇÃO E URBANIZAÇÃO";"SOCIEDADE DE ECONOMIA MISTA";"Dependente";224761906;-13836878;"SIM";"SIM";"NÃO";178347,73;"Não";63;0;23757444;0;2834416;2863552;0;0;1954853;0;0;"nan";"Rio Grande do Norte";"Nordeste";FALSE;FALSE;-2834416
"208";"RN";"EMPRESA POTIGUAR DE PROMOÇÃO TURÍSTICA S.A.";"ATIVA";"TURISMO";"SOCIEDADE DE ECONOMIA MISTA";"Dependente";1665563,77;-1082048,62;"SIM";"SIM";"SIM";100402,69;"Não";33;0;3661313,79;0;11111261,05;5293873,35;0;0;3800000;0;0;"nan";"Rio Grande do Norte";"Nordeste";TRUE;FALSE;-11111261,05
"209";"RS";"Companhia de Processamento de Dados do Estado do RS - PROCERGS";"ATIVA";"INFORMÁTICA E TECNOLOGIA DA INFORMAÇÃO";"SOCIEDADE DE ECONOMIA MISTA";"Não Dependente";-13566482,14;28602866,12;"SIM";"SIM";"SIM";465482,26;"Sim";1049;0;241354835,69;0;0;0;0;0;115319287,84;0;0;"https://www,procergs,rs,gov,br/carta-de-governanca-corporativa";"Rio Grande do Sul";"Sul";TRUE;FALSE;0
"210";"RS";"Caixa de Administração da Dívida Pública Estadual - CADIP";"ATIVA";"GESTÃO DE ATIVOS";"SOCIEDADE DE ECONOMIA MISTA";"Não Dependente";210200000;-149000;"SIM";"SIM";"NÃO";0;"Não";3;0;0;0;0;0;0;0;210200000;0;0;"http://www.cadip.rs.gov.br/lista/631/carta-anual-de-governanca-corporativa";"Rio Grande do Sul";"Sul";FALSE;FALSE;0
"211";"RS";"Companhia Riograndense de Mineração - CRM";"ATIVA";"MINERAÇÃO";"SOCIEDADE DE ECONOMIA MISTA";"Não Dependente";286945492,14;-14128463,83;"SIM";"SIM";"SIM";374356,18;"Não";306;0;24899421,12;0;0;0;0;0;289465153,33;0;0;"https://www,crm,rs,gov,br/documentos-institucionais";"Rio Grande do Sul";"Sul";TRUE;FALSE;0
"212";"RS";"Companhia Riograndense de Saneamento - CORSAN";"ATIVA";"SANEAMENTO";"SOCIEDADE DE ECONOMIA MISTA";"Não Dependente";3222315000;350469000;"SIM";"SIM";"SIM";679553,24;"Sim";5607;791000;593963458,29;345205199,67;0;0;0;0;1878540000;196212000;0;"https://www,corsan,com,br/carta-anual";"Rio Grande do Sul";"Sul";TRUE;FALSE;345205199,67
"213";"RS";"Companhia Estadual de Geração de Energia Elétrica - CEEE-G";"ATIVA";"ENERGIA";"SOCIEDADE DE ECONOMIA MISTA";"Não Dependente";916451045,8;209632699,99;"SIM";"SIM";"SIM";320543,54;"Não";237;2581071078,42;42970066,49;0;0;0;0;0;386975695,47;386975695,47;65,87;"nan";"Rio Grande do Sul";"Sul";TRUE;FALSE;0
"214";"RS";"Banco do Estado do Rio Grande do Sul - BANRISUL";"ATIVA";"FINANCEIRO";"SOCIEDADE DE ECONOMIA MISTA";"Não Dependente";9046217000;948535000;"SIM";"SIM";"SIM";1368450;"Sim";10725;2256357000;1881441000;219526059,36;0;0;0;0;5,2e+09;0;0;"https://ri,banrisul,com,br/governanca-corporativa/carta-anual-de-governanca-corporativa-2/";"Rio Grande do Sul";"Sul";TRUE;FALSE;219526059,36
"215";"RS";"BADESUL Desenvolvimento S.A. - Agência de Fomento/RS";"ATIVA";"FINANCEIRO";"SOCIEDADE DE ECONOMIA MISTA";"Não Dependente";769025000;21119000;"SIM";"SIM";"SIM";347357,75;"Sim";116;401000;32561000;0;0;0;0;0;756343000;0;0;"https://www,badesul,com,br/transparencia";"Rio Grande do Sul";"Sul";TRUE;FALSE;0
"216";"RS";"Companhia de Gás do Estado RGS - SULGÁS";"ATIVA";"GÁS E DERIVADOS";"SOCIEDADE DE ECONOMIA MISTA";"Não Dependente";159937000;72657000;"SIM";"SIM";"SIM";0;"Não";141;2000;24096271,93;28800128,92;0;0;0;0;0;-81187000;-51;"https://www,sulgas,com,vc/apresentacao";"Rio Grande do Sul";"Sul";TRUE;FALSE;28800128,92
"217";"RS";"Centrais de Abastecimento do Rio Grande do Sul - CEASA";"ATIVA";"ABASTECIMENTO DE ALIMENTOS E OUTROS INSUMOS";"SOCIEDADE DE ECONOMIA MISTA";"Não Dependente";17750319,79;1109393,52;"SIM";"SIM";"SIM";289509,45;"Não";46;23543,15;3569292,15;0;0;0;0;0;21877617,98;0;0;"http://ceasa,rs,gov,br/portal-transparencia/";"Rio Grande do Sul";"Sul";TRUE;FALSE;0
"218";"RS";"Empresa Gaúcha de Rodovias - EGR";"ATIVA";"TRANSPORTE";"EMPRESA PÚBLICA";"Não Dependente";46604000;1300;"SIM";"SIM";"SIM";232127,22;"Não";59;0;46423926,06;0;0;0;0;0;43583815,59;0;0;"nan";"Rio Grande do Sul";"Sul";TRUE;FALSE;0
"219";"RS";"Companhia Estadual de Silos e Armazéns - CESA";"EM LIQUIDAÇÃO";"ABASTECIMENTO DE ALIMENTOS E OUTROS INSUMOS";"SOCIEDADE DE ECONOMIA MISTA";"Não Dependente";-424474713,56;48256301,99;"SIM";"SIM";"NÃO";461008,86;"Não";12;8934,22;13054149,49;0;0;0;0;0;193337426,29;0;0;"nan";"Rio Grande do Sul";"Sul";FALSE;FALSE;0
"220";"RS";"Companhia Estadual de Energia Elétrica Participações - CEEE-Par";"ATIVA";"ENERGIA";"SOCIEDADE DE ECONOMIA MISTA";"Não Dependente";826252200,7;907381400,07;"SIM";"SIM";"SIM";0;"Não";0;1946398412,88;0;0;0;0;0;0;319771069,17;0;0;"nan";"Rio Grande do Sul";"Sul";TRUE;FALSE;0
"221";"RJ";"AGÊNCIA DE FOMENTO DO ESTADO DO RJ AS";"ATIVA";"FINANCEIRO";"SOCIEDADE DE ECONOMIA MISTA";"Não Dependente";498024615,95;34470053,9;"SIM";"SIM";"SIM";351352,43;"Sim";133;72132;30837722,5;0;0;0;0;0;479504097,72;0;0;"nan";"Rio de Janeiro";"Sudeste";TRUE;FALSE;0
"222";"RJ";"Empresa de Assistência Técnica e Extensão Rural do Etado do Rio de Janeiro - EMATER-RIO";"ATIVA";"PESQUISA E ASSISTÊNCIA TÉCNICA AGROPECUÁRIA";"EMPRESA PÚBLICA";"Dependente";-233390,14;-314222,25;"SIM";"SIM";"NÃO";321598,93;"Não";589;12300;85384631,17;0;97325294,49;93666210,78;0;0;8310646,55;0;0;"nan";"Rio de Janeiro";"Sudeste";FALSE;FALSE;-97325294,49
"223";"RJ";"BANCO DE DESENVOLVIMENTO DO ESTADO DO RJ S/A EM LIQUIDAÇÃO";"EM LIQUIDAÇÃO";"FINANCEIRO";"SOCIEDADE DE ECONOMIA MISTA";"Não Dependente";2612834,84;510148,2;"NÃO";"NÃO";"NÃO";99139,36;"Não";2;0;334465,03;0;0;0;0;0;158987017,12;0;0;"nan";"Rio de Janeiro";"Sudeste";FALSE;FALSE;0
"224";"RJ";"CENTRAIS ELETRICAS FLUMINENSES S.A. CELF - EM LIQUIDAÇÃO ORDINÁRIA";"EM LIQUIDAÇÃO";"ENERGIA";"SOCIEDADE DE ECONOMIA MISTA";"Não Dependente";82,93;0;"NÃO";"NÃO";"NÃO";0;"Não";0;0;0;0;0;0;0;0;9225032,81;0;0;"nan";"Rio de Janeiro";"Sudeste";FALSE;FALSE;0
"225";"RJ";"DISTRIBUIDORA DE TITULOS E VALORES MOBILIARIOS DO EST. DO RJ S.A - EM LIQUIDAÇÃO ORDINÁRIA";"EM LIQUIDAÇÃO";"FINANCEIRO";"SOCIEDADE DE ECONOMIA MISTA";"Não Dependente";681006,68;-1613,41;"NÃO";"NÃO";"NÃO";0;"Não";0;0;0;0;0;0;0;0;11467019,41;0;0;"nan";"Rio de Janeiro";"Sudeste";FALSE;FALSE;0
"226";"RJ";"COMPANHIA FLUMINENSE DE TRENS URBANOS - FLUMITRENS E/L";"EM LIQUIDAÇÃO";"TRANSPORTE";"EMPRESA PÚBLICA";"Dependente";-1075636476,74;-888816036,97;"NÃO";"NÃO";"NÃO";0;"Não";5;0;410567,34;0;2800168,14;2755821,72;0;0;9430415,98;0;0;"nan";"Rio de Janeiro";"Sudeste";FALSE;FALSE;-2800168,14
"227";"RJ";"COMPANHIA DO METROPOLITANO DO RIO DE JANEIRO - METRÔ E/L";"EM LIQUIDAÇÃO";"TRANSPORTE";"SOCIEDADE DE ECONOMIA MISTA";"Dependente";-607732133,25;-4634255177,54;"NÃO";"NÃO";"NÃO";0;"Não";0;66000;0;0;24690,77;48933,04;0;0;3808580170,05;0;0;"nan";"Rio de Janeiro";"Sudeste";FALSE;FALSE;-24690,77
"228";"RJ";"INSTITUTO VITAL BRAZIL S/A";"ATIVA";"SAÚDE";"SOCIEDADE DE ECONOMIA MISTA";"Dependente";-6756665;9582360;"SIM";"SIM";"NÃO";198403,42;"Não";403;1703107,89;31854158,86;0;76311248;4504037;0;0;16024140,67;0;0;"nan";"Rio de Janeiro";"Sudeste";FALSE;FALSE;-76311248
"229";"RJ";"COMPANHIA FLUMINENSE DE SECURITIZAÇÃO S.A.- EM LIQUIDAÇÃO ORDINÁRIA";"EM LIQUIDAÇÃO";"FINANCEIRO";"SOCIEDADE DE ECONOMIA MISTA";"Não Dependente";-170944,97;-630;"NÃO";"NÃO";"NÃO";0;"Não";0;0;0;0;0;0;0;0;4729443;0;0;"nan";"Rio de Janeiro";"Sudeste";FALSE;FALSE;0
"230";"RJ";"Empresa de Pesquisa Agropecuária do Estado do Rio de Janeiro - Pesagro/RJ";"ATIVA";"PESQUISA E ASSISTÊNCIA TÉCNICA AGROPECUÁRIA";"EMPRESA PÚBLICA";"Dependente";-8731546,02;383537,34;"SIM";"SIM";"NÃO";271233,11;"Não";261;129011,3;32222655,45;0;0;0;0;0;811974,32;0;0;"nan";"Rio de Janeiro";"Sudeste";FALSE;FALSE;0
"231";"RJ";"Companhia Estadual de Engenharia de Transportes e Logística - CENTRAL-RJ";"ATIVA";"TRANSPORTE";"EMPRESA PÚBLICA";"Dependente";744749415,49;196274507,21;"SIM";"SIM";"SIM";324351,07;"Não";436;0;43963926,96;0;56393151,66;53782836,22;0;0;1096356964,24;0;0;"nan";"Rio de Janeiro";"Sudeste";TRUE;FALSE;-56393151,66
"232";"RJ";"COMPANHIA ESTADUAL DE HABITAÇÃO DO RIO DE JANEIRO";"ATIVA";"HABITAÇÃO E URBANIZAÇÃO";"SOCIEDADE DE ECONOMIA MISTA";"Dependente";117866046,65;-996141,96;"SIM";"SIM";"NÃO";237051,63;"Não";339;67575513,05;53061451,08;0;143449305,56;109283877,1;0;0;242087910,54;0;0;"nan";"Rio de Janeiro";"Sudeste";FALSE;FALSE;-143449305,56
"233";"RJ";"COMPANHIA ESTADUAL DE ÁGUAS E ESGOTOS DO RIO DE JANEIRO";"ATIVA";"SANEAMENTO";"SOCIEDADE DE ECONOMIA MISTA";"Não Dependente";7541103000;27136000;"SIM";"SIM";"SIM";1339248;"Não";3441;217564000;1351848000;0;0;0;0;0;3015828000;0;0;"nan";"Rio de Janeiro";"Sudeste";TRUE;FALSE;0
"234";"RJ";"IMPRENSA OFICIAL DO ESTADO DO RIO DE JANEIRO";"ATIVA";"COMUNICAÇÃO";"EMPRESA PÚBLICA";"Não Dependente";145731648,59;15092067,46;"SIM";"SIM";"NÃO";0;"Não";299;0;22254045,42;0;0;0;0;0;99385118,92;0;0;"nan";"Rio de Janeiro";"Sudeste";FALSE;FALSE;0
"235";"RJ";"Companhia de Armazéns e Silos do Estado do Rio de Janeiro";"ATIVA";"ABASTECIMENTO DE ALIMENTOS E OUTROS INSUMOS";"SOCIEDADE DE ECONOMIA MISTA";"Dependente";951453,75;-45047,19;"SIM";"SIM";"NÃO";174759,47;"Não";58;0;3048044,48;0;4276543,31;3268248,23;0;0;1520887,26;0;0;"nan";"Rio de Janeiro";"Sudeste";FALSE;FALSE;-4276543,31
"236";"RJ";"CEASA-RJ";"ATIVA";"ABASTECIMENTO DE ALIMENTOS E OUTROS INSUMOS";"SOCIEDADE DE ECONOMIA MISTA";"Dependente";38150809,89;-231235,68;"SIM";"SIM";"NÃO";162828,3;"Não";247;1960604,88;17682448,06;0;10446448,12;8582395,77;0;0;33788930,85;0;0;"nan";"Rio de Janeiro";"Sudeste";FALSE;FALSE;-10446448,12
"237";"RJ";"Companhia de Desenvolvimento Industrial do Estado do Rio de Janeiro";"ATIVA";"DESENVOLVIMENTO REGIONAL";"SOCIEDADE DE ECONOMIA MISTA";"Dependente";42541238,64;-3970174,75;"SIM";"SIM";"NÃO";286378,12;"Não";97;0;868288,47;0;11823965,85;9543628,7;0;0;32114375,34;0;0;"nan";"Rio de Janeiro";"Sudeste";FALSE;FALSE;-11823965,85
"238";"RJ";"COMPANHIA DE TRANSPORTES SOBRE TRILHOS RJ";"ATIVA";"TRANSPORTE";"EMPRESA PÚBLICA";"Dependente";397765116,54;-190508341,57;"SIM";"SIM";"SIM";239257,06;"Não";368;0;35509186,93;0;53216000;64523000;0;0;5653397155,36;0;0;"nan";"Rio de Janeiro";"Sudeste";TRUE;FALSE;-53216000
"239";"RJ";"Companhia de Turismo do Estado do Rio de Janeiro - TurisRio";"ATIVA";"TURISMO";"EMPRESA PÚBLICA";"Dependente";-159157,28;226892;"SIM";"SIM";"NÃO";117403,66;"Não";54;0;4649901,2;0;0;0;0;0;8561991,97;0;0;"nan";"Rio de Janeiro";"Sudeste";FALSE;FALSE;0
"240";"RJ";"Empresa de Obras Públicas do Estado do Rio de Janeiro";"ATIVA";"HABITAÇÃO E URBANIZAÇÃO";"EMPRESA PÚBLICA";"Dependente";-278125443,78;-323475;"SIM";"SIM";"NÃO";410798,21;"Não";440;0;258204,85;0;0;0;0;0;2478567,69;0;0;"nan";"Rio de Janeiro";"Sudeste";FALSE;FALSE;0
"241";"RJ";"COMPANHIA DE TRANSPORTES COLETIVOS DO ESTADO DO RIO DE JANEIRO - CTC-RJ";"EM LIQUIDAÇÃO";"TRANSPORTE";"SOCIEDADE DE ECONOMIA MISTA";"Dependente";-6176078,96;-76204039,75;"NÃO";"NÃO";"NÃO";95955,76;"Não";4;0;408190,7;0;480323,11;450438,19;0;0;70025960,79;0;0;"nan";"Rio de Janeiro";"Sudeste";FALSE;FALSE;-480323,11
"242";"RO";"BANCO DO ESTADO DE RONDONIA S/A";"EM LIQUIDAÇÃO";"FINANCEIRO";"SOCIEDADE DE ECONOMIA MISTA";"Não Dependente";0;0;"NÃO";"NÃO";"NÃO";0;"Não";0;0;0;0;0;0;0;0;0;0;0;"nan";"Rondônia";"Norte";FALSE;FALSE;0
"243";"RO";"COMPANHIA DE DESENVOLVIMENTO URBANO E RURAL DE RONDONIA";"EM LIQUIDAÇÃO";"HABITAÇÃO E URBANIZAÇÃO";"SOCIEDADE DE ECONOMIA MISTA";"Não Dependente";0;0;"NÃO";"NÃO";"NÃO";0;"Não";0;0;0;0;0;0;0;0;0;0;0;"nan";"Rondônia";"Norte";FALSE;FALSE;0
"244";"RO";"COMPANHIA DE PROCESSAMENTO DE DADOS DO ESTADO DE RONDONIA";"EM LIQUIDAÇÃO";"INFORMÁTICA E TECNOLOGIA DA INFORMAÇÃO";"SOCIEDADE DE ECONOMIA MISTA";"Não Dependente";0;0;"NÃO";"NÃO";"NÃO";0;"Não";0;0;0;0;0;0;0;0;0;0;0;"nan";"Rondônia";"Norte";FALSE;FALSE;0
"245";"RO";"RONDONIA CREDITO IMOBILIARIO SA";"EM LIQUIDAÇÃO";"HABITAÇÃO E URBANIZAÇÃO";"SOCIEDADE DE ECONOMIA MISTA";"Não Dependente";0;0;"NÃO";"NÃO";"NÃO";0;"Não";0;0;0;0;0;0;0;0;0;0;0;"nan";"Rondônia";"Norte";FALSE;FALSE;0
"246";"RO";"COMPANHIA DE MINERAÇÃO DE RONDÔNIA - CMR";"ATIVA";"MINERAÇÃO";"EMPRESA PÚBLICA";"Não Dependente";1841848276,03;1351000,24;"SIM";"SIM";"NÃO";213333,33;"Não";22;34067,29;2142718,5;0;0;0;0;0;25988034,1;0;0;"nan";"Rondônia";"Norte";FALSE;FALSE;0
"247";"RO";"SOCIEDADE DE PORTOS E HIDROVIAS DO ESTADO DE RONDONIA";"ATIVA";"PORTOS E HIDROVIAS";"EMPRESA PÚBLICA";"Não Dependente";873441,05;-128732,28;"SIM";"SIM";"NÃO";254774,52;"Não";77;0;5186468,36;0;0;0;0;0;2700000;0;0;"nan";"Rondônia";"Norte";FALSE;FALSE;0
"248";"RO";"COMPANHIA RONDONIENSE DE GÁS - RONGÁS";"ATIVA";"GÁS E DERIVADOS";"SOCIEDADE DE ECONOMIA MISTA";"Não Dependente";1882430,48;-9720540,48;"SIM";"SIM";"NÃO";144000;"Não";10;0;454710,99;0;0;0;170000;0;7838110;585000;85000;"nan";"Rondônia";"Norte";FALSE;FALSE;-170000
"249";"RO";"COMPANHIA DE ÁGUA E ESGOTO DE RONDÔNIA";"ATIVA";"SANEAMENTO";"SOCIEDADE DE ECONOMIA MISTA";"Não Dependente";1754444388;-73682504;"SIM";"SIM";"NÃO";401701;"Não";639;15050209;98891000;0;2341937;5326992;0;0;162631833;0;0;"https://transparencia,caerd-ro,com,br/governanca";"Rondônia";"Norte";FALSE;FALSE;-2341937
"250";"RR";"AGENCIA DE FOMENTO DO ESTADO DE RORAIMA S/A";"ATIVA";"DESENVOLVIMENTO REGIONAL";"SOCIEDADE DE ECONOMIA MISTA";"Dependente";12263423,24;174721,67;"SIM";"SIM";"NÃO";23175;"Não";35;0;388333,33;0;5390826,89;4853455,53;5259095,11;0;5259095,11;5259095,11;5254452;"nan";"Roraima";"Norte";FALSE;FALSE;-10649922
"251";"RR";"COMPANHIA DE ÁGUAS E ESGOTOS DE RORAIMA - CAER";"ATIVA";"SANEAMENTO";"SOCIEDADE DE ECONOMIA MISTA";"Não Dependente";-615327216,29;-119486313,74;"SIM";"SIM";"NÃO";278100;"Não";773;7449523,06;71394258,1;0;0;0;0;0;47210883,62;0;0;"nan";"Roraima";"Norte";FALSE;FALSE;0
"252";"RR";"COMPANHIA ENERGÉTICA DE RORAIMA - CERR";"EM LIQUIDAÇÃO";"ENERGIA";"SOCIEDADE DE ECONOMIA MISTA";"Dependente";-45891504,65;-30248948,22;"SIM";"SIM";"SIM";309000;"Não";277;0;52110633,55;0;15099888,09;31084715,96;0;0;1313101397,05;0;0;"nan";"Roraima";"Norte";TRUE;FALSE;-15099888,09
"253";"RR";"COMPANHIA DE DESENVOLVIMENTO DE RORAIMA - CODESAIMA";"ATIVA";"ABASTECIMENTO DE ALIMENTOS E OUTROS INSUMOS";"SOCIEDADE DE ECONOMIA MISTA";"Dependente";85383810,73;-37437458,92;"SIM";"SIM";"NÃO";280020;"Não";217;293493,34;16927417,83;0;24106938,57;17160911,34;0;0;533496172,04;0;0;"nan";"Roraima";"Norte";FALSE;FALSE;-24106938,57
"254";"RR";"RÁDIO RORAIMA";"ATIVA";"COMUNICAÇÃO";"EMPRESA PÚBLICA";"Dependente";-2260618,02;-158043,54;"SIM";"NÃO";"SIM";130000;"Não";55;0;3189860,84;0;5643493,91;4514009,86;0;0;8e+05;0;0;"nan";"Roraima";"Norte";FALSE;FALSE;-5643493,91
"255";"SC";"COMPANHIA DE HABITAÇÃO DO ESTADO DE SANTA CATARINA - COHAB/SC";"EM LIQUIDAÇÃO";"HABITAÇÃO E URBANIZAÇÃO";"SOCIEDADE DE ECONOMIA MISTA";"Dependente";-20212050,15;6418387,33;"SIM";"SIM";"NÃO";209401,25;"Não";21;0;3800433,46;0;3808289,65;5488228,36;0;0;32300207;0;0;"nan";"Santa Catarina";"Sul";FALSE;FALSE;-3808289,65
"256";"SC";"Companhia Integrada de Desenvolvimento Agrícola de Santa Catarina";"ATIVA";"PESQUISA E ASSISTÊNCIA TÉCNICA AGROPECUÁRIA";"EMPRESA PÚBLICA";"Dependente";1385948,06;304261,3;"SIM";"SIM";"NÃO";354859,27;"Não";1277;1360836,24;190763155,52;0;195881081,87;201023573,83;0;0;42408423,68;0;0;"http://www,cidasc,sc,gov,br/wp-content/uploads/2022/03/CARTA-ANUAL-DE-GOVERNAN%C3%87A-CORPORATIVA-CIDASC-2021-ULTIMA-VERS%C3%83O,docx,pdf";"Santa Catarina";"Sul";FALSE;FALSE;-195881081,87
"257";"SC";"EMPRESA DE PESQUISA AGROPECUÁRIA E EXTENSÃO RURAL DE SANTA CATARINA";"ATIVA";"PESQUISA E ASSISTÊNCIA TÉCNICA AGROPECUÁRIA";"EMPRESA PÚBLICA";"Dependente";-2485142,04;-14266827,47;"SIM";"SIM";"NÃO";468586,45;"Não";1916;11528375,58;322894360,11;0;365207403,45;372391251,6;0;0;175063963,93;7459623,21000001;5286251,84999999;"nan";"Santa Catarina";"Sul";FALSE;FALSE;-365207403,45
"258";"SC";"SANTA CATARINA TURISMO S/A";"EM LIQUIDAÇÃO";"TURISMO";"SOCIEDADE DE ECONOMIA MISTA";"Dependente";1342901;5578;"NÃO";"SIM";"NÃO";200806;"Não";31;0;4531579;0;0;0;0;0;3528671;0;0;"nan";"Santa Catarina";"Sul";FALSE;FALSE;0
"259";"SC";"AGÊNCIA DE FOMENTO DO ESTADO DE SANTA CATARINA S.A. - BADESC";"ATIVA";"FINANCEIRO";"SOCIEDADE DE ECONOMIA MISTA";"Não Dependente";762013543,95;66834726,97;"SIM";"SIM";"SIM";586449,68;"Não";132;0;41194958,33;31785072,9;0;0;102500003;26000007;638204848,26;102500003;42625565;"http://transparencia,badesc,gov,br/";"Santa Catarina";"Sul";TRUE;FALSE;-70714930,1
"260";"SC";"BESCOR BESC CORRETORA DE SEGUORS E ADMINISTRADORA DE BENS";"EM LIQUIDAÇÃO";"OUTROS";"SOCIEDADE DE ECONOMIA MISTA";"Dependente";3709793,03;177766,63;"NÃO";"SIM";"NÃO";105191,04;"Não";3;0;19678,66;0;0;0;42000;235000;3639176,05;0;0;"nan";"Santa Catarina";"Sul";FALSE;FALSE;-42000
"261";"SC";"Centrais de Abastecimento de Santa Catarina - CEASA";"ATIVA";"ABASTECIMENTO DE ALIMENTOS E OUTROS INSUMOS";"SOCIEDADE DE ECONOMIA MISTA";"Não Dependente";9916508,97;1173263,91;"SIM";"SIM";"NÃO";13132,82;"Não";40;2085411,36;2178678,85;0;0;0;0;0;12735232,08;12735232,08;0;"nan";"Santa Catarina";"Sul";FALSE;FALSE;0
"262";"SC";"Centrais Elétricas de Santa Catarina S. A.";"ATIVA";"ENERGIA";"SOCIEDADE DE ECONOMIA MISTA";"Não Dependente";2621369000;563172000;"SIM";"SIM";"SIM";815144,13;"Sim";6126;777067537;701818000;24675847,4;0;0;0;0;500960000;230280000;-191;"nan";"Santa Catarina";"Sul";TRUE;FALSE;24675847,4
"263";"SC";"CENTRO DE INFORMATICA E AUTOMAÇÃO DO ESTADO DE SC S/A - CIASC";"ATIVA";"INFORMÁTICA E TECNOLOGIA DA INFORMAÇÃO";"EMPRESA PÚBLICA";"Não Dependente";56399939,3;3239095,4;"SIM";"SIM";"NÃO";466098,59;"Não";353;18071438,17;84976637,33;0;0;0;0;0;66288995,5;2600000;-1400000;"nan";"Santa Catarina";"Sul";FALSE;FALSE;0
"264";"SC";"Companhia Catarinense de Águas e Saneamento - CASAN";"ATIVA";"SANEAMENTO";"SOCIEDADE DE ECONOMIA MISTA";"Não Dependente";1671985116,29;134950325,77;"SIM";"SIM";"SIM";528190,83;"Não";3124;252260997,16;437532121,79;0;0;0;130248792,44;37185875,16;239171699,47;-230625304,75;110509780;"https://ri,casan,com,br/governanca-corporativa/carta-anual-de-politicas-publicas-e-governanca-corporativa/";"Santa Catarina";"Sul";TRUE;FALSE;-130248792,44
"265";"SC";"Companhia de Distritos Industriais de Santa Catarina (Codisc)";"EM LIQUIDAÇÃO";"DESENVOLVIMENTO REGIONAL";"SOCIEDADE DE ECONOMIA MISTA";"Não Dependente";1806880,11;165185,56;"NÃO";"SIM";"NÃO";42503,62;"Não";1;0;42503,62;0;0;0;202096,17;377853,96;28806497,91;377853,960000001;1234816862;"nan";"Santa Catarina";"Sul";FALSE;FALSE;-202096,17
"266";"SC";"COMPANHIA HIDROMINERAL CALDAS DA IMPERATRIZ";"ATIVA";"OUTROS";"SOCIEDADE DE ECONOMIA MISTA";"Não Dependente";1849540,43;-1208562,77;"SIM";"SIM";"NÃO";53323,38;"Não";52;236414,1;1350561,6;0;0;0;0;0;1616016,74;0;0;"nan";"Santa Catarina";"Sul";FALSE;FALSE;0
"267";"SC";"Administradora da Zona de Processamento de Exportação S/A - IAZPE";"ATIVA";"DESENVOLVIMENTO REGIONAL";"SOCIEDADE DE ECONOMIA MISTA";"Dependente";-1128867,97;-125641,14;"SIM";"SIM";"NÃO";0;"Não";0;0;31266,72;0;0;0;111131,92;101909,52;21259294,32;101909,52;101909,52;"nan";"Santa Catarina";"Sul";FALSE;FALSE;-111131,92
"268";"SC";"Santa Catarina Participação e Investimentos S/A";"ATIVA";"FINANCEIRO";"SOCIEDADE DE ECONOMIA MISTA";"Não Dependente";-7977177631,48;-90859,76;"SIM";"SIM";"SIM";0;"Não";0;0;0;0;0;0;0;0;0;0;0;"nan";"Santa Catarina";"Sul";TRUE;FALSE;0
"269";"SC";"SAPIENS PARQUE SA";"ATIVA";"OUTROS";"SOCIEDADE DE ECONOMIA MISTA";"Dependente";350659790,81;8740977,95;"SIM";"SIM";"NÃO";84000;"Não";14;54723;116902,5;0;0;0;7454850,39;2792115;285386230;27545180;3045180;"nan";"Santa Catarina";"Sul";FALSE;FALSE;-7454850,39
"270";"SC";"SC PARTICIPACOES E PARCERIAS S.A. - SCPAR";"ATIVA";"GESTÃO DE ATIVOS";"SOCIEDADE DE ECONOMIA MISTA";"Não Dependente";197802234,16;17781852,1;"SIM";"SIM";"SIM";248567,8;"Não";31;83589;8893221,57;0;0;0;3807394,34;6246180;239171699,47;-230625304,75;-224379124;"nan";"Santa Catarina";"Sul";TRUE;FALSE;-3807394,34
"271";"SC";"BANCO REGIONAL DE DESENVOLVIMENTO DO EXTREMO SUL";"ATIVA";"FINANCEIRO";"EMPRESA PÚBLICA";"Não Dependente";3398314185,2;266612287,47;"SIM";"NÃO";"SIM";677428,32;"Sim";469;12354767,91;199108214,7;0;0;0;0;0;1734924000;216345000;216345000;"nan";"Santa Catarina";"Sul";FALSE;FALSE;0
"272";"SE";"Sergipe Gás SA";"ATIVA";"GÁS E DERIVADOS";"SOCIEDADE DE ECONOMIA MISTA";"Não Dependente";121313389,26;20109925,06;"SIM";"SIM";"NÃO";329988,8;"Sim";68;11353106,78;17424886,57;4150020,35;0;0;0;0;38181766,84;0;0;"https://transparencia,sergipegas,com,br/cms/";"Sergipe";"Nordeste";FALSE;FALSE;4150020,35
"273";"SE";"Companhia Estadual de Habitação e Obras Públicas";"ATIVA";"HABITAÇÃO E URBANIZAÇÃO";"SOCIEDADE DE ECONOMIA MISTA";"Dependente";106621722;-4581497;"SIM";"SIM";"NÃO";460151;"Não";200;33519;26131072;0;0;0;0;2505031;515936758,6;2505030,60000002;2504781;"nan";"Sergipe";"Nordeste";FALSE;FALSE;0
"274";"SE";"Companhia de Desenvolvimento Economico de Sergipe";"ATIVA";"DESENVOLVIMENTO REGIONAL";"SOCIEDADE DE ECONOMIA MISTA";"Dependente";201678267,92;12386665,47;"SIM";"SIM";"NÃO";396164,36;"Não";115;8467936,98;21894312,12;0;41090247,13;26539315,76;0;0;118019938;0;0;"https://codise,se,gov,br";"Sergipe";"Nordeste";FALSE;FALSE;-41090247,13
"275";"SE";"Companhia de Desenvolvimento de Recursos Hídricos e Irrigação de Sergipe";"ATIVA";"ABASTECIMENTO DE ALIMENTOS E OUTROS INSUMOS";"SOCIEDADE DE ECONOMIA MISTA";"Dependente";-14925401,54;-3318511,48;"SIM";"SIM";"NÃO";227621,89;"Não";315;0;45166588,73;0;54942543,83;46689609,87;0;0;96690083,2;0;0;"nan";"Sergipe";"Nordeste";FALSE;FALSE;-54942543,83
"276";"SE";"Companhia de Saneamento de Sergipe";"ATIVA";"SANEAMENTO";"SOCIEDADE DE ECONOMIA MISTA";"Não Dependente";1755783019,06;40338366,61;"SIM";"SIM";"NÃO";740550,72;"Não";1629;135888094,46;265413404;0;0;0;76791256,32;132834145;1,302e+09;0;0;"https://transparencia,deso-se,com,br/";"Sergipe";"Nordeste";FALSE;FALSE;-76791256,32
"277";"SE";"Empresa de Desenvolvimento Sustentavel do Estado de Sergipe";"ATIVA";"DESENVOLVIMENTO REGIONAL";"EMPRESA PÚBLICA";"Dependente";244493,77;-87755,36;"SIM";"SIM";"NÃO";318097,5;"Não";58;0;8710183,08;0;8623702,84;8640975,35;0;0;2395568,41;0;0;"https://www,pronese,se,gov,br/transparencia";"Sergipe";"Nordeste";FALSE;FALSE;-8623702,84
"278";"SE";"Banco do Estado de Sergipe SA";"ATIVA";"FINANCEIRO";"SOCIEDADE DE ECONOMIA MISTA";"Não Dependente";561321570,21;83738998,15;"SIM";"SIM";"SIM";620750,62;"Sim";1281;14673198,91;208395363,67;16291825,55;0;0;0;0;4,26e+08;7,8e+07;0;"https://ri,banese,com,br/governanca-corporativa/carta-anual-de-governanca/";"Sergipe";"Nordeste";TRUE;FALSE;16291825,55
"279";"SE";"Empresa Sergipana de Turismo SA";"ATIVA";"TURISMO";"SOCIEDADE DE ECONOMIA MISTA";"Dependente";10589716,07;313866,16;"SIM";"SIM";"NÃO";512549,18;"Não";49;0;3423431,33;0;0;0;0;0;34550951;0;0;"https://www,se,gov,br/emsetur/emsetur_transparencia";"Sergipe";"Nordeste";FALSE;FALSE;0
"280";"SE";"Empresa Sergipana de Tecnologia da Informação";"ATIVA";"INFORMÁTICA E TECNOLOGIA DA INFORMAÇÃO";"EMPRESA PÚBLICA";"Dependente";5813249,8;721516,08;"SIM";"SIM";"NÃO";228505,64;"Não";99;61217,99;7007821,59;876,75;0;0;0;0;8775120,96;0;0;"nan";"Sergipe";"Nordeste";FALSE;FALSE;876,75
"281";"SE";"Empresa de Desenvolvimento Agropecuário de Sergipe";"ATIVA";"PESQUISA E ASSISTÊNCIA TÉCNICA AGROPECUÁRIA";"EMPRESA PÚBLICA";"Dependente";-42170384,42;-33529035,52;"SIM";"SIM";"NÃO";273602,52;"Não";420;1340304,34;50540174,34;0;56717540,78;60728204,8;0;0;37572872,11;0;0;"https://www,emdagro,se,gov,br/";"Sergipe";"Nordeste";FALSE;FALSE;-56717540,78
"282";"SE";"Servicos Graficos de Sergipe";"ATIVA";"COMUNICAÇÃO";"EMPRESA PÚBLICA";"Não Dependente";2900118,56;-960921,92;"SIM";"SIM";"NÃO";21848,51;"Não";55;0;5699272,1;0;0;0;0;0;9e+06;0;0;"nan";"Sergipe";"Nordeste";FALSE;FALSE;0
"283";"SE";"Companhia Administradora da Zona de Processamento de Exportação de Sergipe";"ATIVA";"OUTROS";"SOCIEDADE DE ECONOMIA MISTA";"Dependente";10251,6;147,43;"NÃO";"NÃO";"NÃO";0;"Não";0;0;0;0;0;0;0;0;5e+05;0;0;"nan";"Sergipe";"Nordeste";FALSE;FALSE;0
"284";"SP";"COMPANHIA AMBIENTAL DO ESTADO DE SÃO PAULO - CETESB";"ATIVA";"OUTROS";"EMPRESA PÚBLICA";"Dependente";273264421,27;67239280,95;"SIM";"SIM";"SIM";382379,93;"Não";1820;12488859;409107999,17;0;190608103;214901213;0;0;169574763,18;0;0;"https://cetesb,sp,gov,br/balancos-patrimoniais";"São Paulo";"Sudeste";TRUE;FALSE;-190608103
"285";"SP";"COMPANHIA DE DESENVOLVIMENTO HABITACIONAL E URBANO DO ESTADO DE SÃO PAULO - CDHU";"ATIVA";"HABITAÇÃO E URBANIZAÇÃO";"EMPRESA PÚBLICA";"Não Dependente";11042717893,52;-203364159,56;"SIM";"SIM";"SIM";305574;"Não";398;1741073765,79;104808927,79;0;0;0;1353788618;361223778;16162784580,89;361285580,889999;509511259;"nan";"São Paulo";"Sudeste";TRUE;FALSE;-1353788618
"286";"SP";"COMPANHIA DE SEGUROS DO ESTADO DE SÃO PAULO - COSESP - Em Liquidação";"EM LIQUIDAÇÃO";"OUTROS";"SOCIEDADE DE ECONOMIA MISTA";"Não Dependente";126249088,9;-1403217,85;"NÃO";"SIM";"NÃO";292524,13;"Não";32;2000;8624000;0;0;0;0;0;113676971;0;0;"nan";"São Paulo";"Sudeste";FALSE;FALSE;0
"287";"SP";"COMPANHIA PAULISTA DE PARCERIAS - CPP";"ATIVA";"GESTÃO DE ATIVOS";"EMPRESA PÚBLICA";"Não Dependente";1830906426,46;76743076,46;"SIM";"SIM";"NÃO";201945;"Não";6;0;4336569,57;90660275,43;0;0;0;0;1439412160,65;0;0;"nan";"São Paulo";"Sudeste";FALSE;FALSE;90660275,43
"288";"SP";"COMPANHIA PAULISTA DE SECURITIZAÇÃO - CPSEC";"ATIVA";"GESTÃO DE ATIVOS";"SOCIEDADE DE ECONOMIA MISTA";"Não Dependente";422956678,17;4559245,08;"SIM";"SIM";"SIM";237033,89;"Sim";2;0;444159,59;6200472,77;0;0;0;0;412973900;0;0;"https://portal,fazenda,sp,gov,br/Institucional/Paginas/CPSEC/CPSEC,aspx";"São Paulo";"Sudeste";TRUE;FALSE;6200472,77
"289";"SP";"COMPANHIA PAULISTA DE TRENS METROPOLITANOS - CPTM";"ATIVA";"TRANSPORTE";"EMPRESA PÚBLICA";"Dependente";9640818843,26;-469383483,98;"SIM";"SIM";"SIM";336491,72;"Sim";6321;420842877,72;1119636666,03;0;1309652894,51;919288987,3;686415096,43;530368612,05;17529009420,09;0;0;"https://www,cptm,sp,gov,br/Governanca/BalancosDemonstrativos/Relat%C3%B3rio%20Integrado%20CPTM%202020,zip";"São Paulo";"Sudeste";TRUE;FALSE;-1996067990,94
"290";"SP";"COMPANHIA DOCAS DE SÃO SEBASTIÃO";"ATIVA";"PORTOS E HIDROVIAS";"EMPRESA PÚBLICA";"Dependente";214175557;-13485811;"SIM";"SIM";"NÃO";112726,25;"Não";85;0;17548384,97;0;9874602;10185232;0;196592;17748161;0;0;"nan";"São Paulo";"Sudeste";FALSE;FALSE;-9874602
"291";"SP";"COMPANHIA DO METROPOLITANO DE SAO PAULO - METRO";"ATIVA";"TRANSPORTE";"EMPRESA PÚBLICA";"Não Dependente";34015920421,05;-759405233;"SIM";"SIM";"SIM";572908,93;"Não";7736;1635070429,23;1546390093,24;0;559169988;0;1581279484,4;1715265035;42228185803,41;1589208080,73;359561;"https://transparencia,metrosp,com,br/sites/default/files/RELAT%C3%93RIO%20INTEGRADO%202021_0,pdf";"São Paulo";"Sudeste";TRUE;FALSE;-2140449472,4
"292";"SP";"COMPANHIA DE PROCESSAMENTO DE DADOS DO ESTADO DE SÃO PAULO - PRODESP";"ATIVA";"INFORMÁTICA E TECNOLOGIA DA INFORMAÇÃO";"EMPRESA PÚBLICA";"Não Dependente";657960525,23;123352857,71;"SIM";"SIM";"SIM";567143,52;"Sim";1826;123732949,78;391389224,17;18073274,53;0;0;160352;0;666490179,51;160348926,92;2985875241;"https://www,prodesp,sp,gov,br/institucional/governanca-corporativa/";"São Paulo";"Sudeste";TRUE;FALSE;17912922,53
"293";"SP";"COMPANHIA DE SANEAMENTO BÁSICO DO ESTADO DE SÃO PAULO - SABESP";"ATIVA";"SANEAMENTO";"SOCIEDADE DE ECONOMIA MISTA";"Não Dependente";24931859177,17;2305869404,75;"SIM";"SIM";"SIM";922666,75;"Sim";12515;4983032651,18;2656003089,56;136682365,34;0;0;0;0;7,545e+09;0;-1065;"nan";"São Paulo";"Sudeste";TRUE;FALSE;136682365,34
"294";"SP";"DERSA - DESENVOLVIMENTO RODOVIÁRIO S/A ""EM LIQUIDAÇÃO""";"EM LIQUIDAÇÃO";"TRANSPORTE";"EMPRESA PÚBLICA";"Dependente";-610226534,26;-191691968,39;"NÃO";"SIM";"NÃO";354978,18;"Não";311;0;82878122,05;0;119033957,8;0;0;12977452,73;1861792600,2;0;0;"nan";"São Paulo";"Sudeste";FALSE;FALSE;-119033957,8
"295";"SP";"DESENVOLVE SP - AGÊNCIA DE FOMENTO DO ESTADO DE SÃO PAULO S.A.";"ATIVA";"FINANCEIRO";"EMPRESA PÚBLICA";"Não Dependente";2303851476,16;101520638,78;"SIM";"SIM";"SIM";869337,74;"Sim";147;0;45881114,15;16202861,43;0;0;1114498636,49;0;2156432610;1114476346,06;902224132;"nan";"São Paulo";"Sudeste";TRUE;FALSE;-1098295775,06
"296";"SP";"EMAE - EMPRESA METROPOLITANA DE ÁGUAS E ENERGIA S.A";"ATIVA";"ENERGIA";"SOCIEDADE DE ECONOMIA MISTA";"Não Dependente";737734279,02;149918106,61;"SIM";"SIM";"SIM";456157,41;"Sim";430;96278453,8;111852384,3;105877381,33;0;0;0;0;111272243,41;-8396,93000000715;-1087;"https://emae,globalri,com,br/upload/files/0682_DF-EMAE-2021,pdf";"São Paulo";"Sudeste";TRUE;FALSE;105877381,33
"297";"SP";"EMPRESA METROPOLITANA DE TRANSPORTES URBANOS DE SÃO PAULO S/A - EMTU/SP";"ATIVA";"TRANSPORTE";"EMPRESA PÚBLICA";"Não Dependente";1957585792,51;-44976362,55;"SIM";"SIM";"SIM";361844,89;"Não";702;51530779,21;82869154,23;0;0;0;0;63718784,84;2408892663,93;0;0;"nan";"São Paulo";"Sudeste";TRUE;FALSE;0
"298";"SP";"INSTITUTO DE PESQUISAS TECNOLÓGICAS DO ESTADO DE SÃO PAULO S/A - IPT";"ATIVA";"OUTROS";"EMPRESA PÚBLICA";"Dependente";106117153,53;-1995300,27;"SIM";"SIM";"SIM";394981,52;"Não";668;156282;113989728,02;0;98943128,71;87885931;514489,91;228925,91;268196636;-19670941,33;22905867;"nan";"São Paulo";"Sudeste";TRUE;FALSE;-99457618,62
"299";"TO";"AGÊNCIA DE FOMENTO DO ESTADO DO TOCANTINS S/A";"ATIVA";"FINANCEIRO";"SOCIEDADE DE ECONOMIA MISTA";"Não Dependente";22055528,18;-3089527,26;"SIM";"SIM";"SIM";191120,84;"Não";40;43000;2909855,1;0;0;0;1307847,1;11569416,52;41299611,73;1303923,55;0;"nan";"Tocantins";"Norte";TRUE;FALSE;-1307847,1
"300";"TO";"COMPANHIA IMOBILIÁRIA DE PARTICIPAÇÕES. INVESTIMENTOS E PARCERIAS DO ESTADO DO TOCANTINS - TOCANTINS PARCERIAS";"ATIVA";"HABITAÇÃO E URBANIZAÇÃO";"SOCIEDADE DE ECONOMIA MISTA";"Não Dependente";59189818,31;4827376,31;"SIM";"SIM";"SIM";279088,89;"Sim";75;13723,33;7252360,08;0;0;0;8e+06;0;29979637;7832164,95;7832165;"nan";"Tocantins";"Norte";TRUE;FALSE;-8e+06
"301";"TO";"COMPANHIA DE MINERAÇÃO DO TOCANTINS";"EM LIQUIDAÇÃO";"MINERAÇÃO";"SOCIEDADE DE ECONOMIA MISTA";"Não Dependente";999590,21;-44731,6;"SIM";"SIM";"NÃO";0;"Não";0;0;0;0;0;0;0;0;0;0;0;"nan";"Tocantins";"Norte";FALSE;FALSE;0
"302";NA;NA;NA;NA;NA;"Não Informado";NA;NA;NA;NA;NA;NA;NA;NA;NA;NA;0;0;NA;0;NA;NA;NA;NA;NA;NA;NA;FALSE;TRUE;NA
"303";NA;NA;NA;NA;NA;"Não Informado";NA;NA;NA;NA;NA;NA;NA;NA;NA;NA;0;9879054297,73;8580965734,6;7515026749,65;4413032459,78;NA;NA;NA;NA;NA;NA;FALSE;FALSE;-17394081047,38
"304";NA;NA;NA;NA;NA;"Não Informado";NA;NA;NA;NA;NA;NA;NA;NA;NA;NA;0;0,151275346304655;NA;0,702916717278042;NA;NA;NA;NA;NA;NA;NA;FALSE;FALSE;-0,854192063582697
